:020000040800F2
:1000000000000C20F9050008651400086D140008B4
:10001000751400087D1400088514000849060008BE
:100020000000000000000000000000008D14000827
:100030009B14000800000000A9140008B714000871
:100040004906000849060008490600084906000854
:100050004906000849060008490600084906000844
:10006000490600084906000849060008C3140008AC
:10007000D1140008DF140008ED140008FB14000878
:10008000091500081715000849060008251500087D
:100090004906000849060008351500084906000809
:1000A00045150008490600086115000849060008C2
:1000B00049060008711500084906000849060008AD
:1000C00049060008490600084906000849060008D4
:1000D00049060008490600084906000849060008C4
:1000E00049060008490600084906000849060008B4
:1000F00049060008490600084906000849060008A4
:100100004906000849060008490600084906000893
:100110004906000849060008490600084906000883
:100120004906000849060008490600084906000873
:100130004906000849060008490600084906000863
:100140004906000849060008490600084906000853
:100150004906000849060008490600084906000843
:100160004906000849060008490600084906000833
:100170004906000849060008490600084906000823
:100180004906000849060008490600084906000813
:100190004906000849060008490600084906000803
:1001A00049060008490600084906000849060008F3
:1001B00049060008490600084906000849060008E3
:1001C00049060008490600084906000849060008D3
:1001D00049060008490600084906000849060008C3
:1001E00049060008490600084906000849060008B3
:1001F00049060008490600084906000849060008A3
:100200008515000849060008490600084906000847
:100210004906000849060008490600084906000882
:100220004906000849060008490600084906000872
:08023000490600084906000818
:1002380010B5054C237833B9044B13B10448AFF318
:1002480000800123237010BD800000200000000002
:10025800A09E000808B5034B1BB103490348AFF340
:10026800008008BD0000000084000020A09E000857
:1002780053B94AB9002908BF00281CBF4FF0FF3105
:100288004FF0FF3000F0B2B9ADF1080C6DE904CEC3
:1002980000F006F8DDF804E0DDE9022304B0704759
:1002A8002DE9F04F8C46099E04460F46002B48D195
:1002B8008A4215465ED9B2FA82F33BB1C3F12002F5
:1002C8009F409D409C4020FA02F217434FEA154E8A
:1002D8001FFA85FC220CB7FBFEF10EFB117701FB20
:1002E8000CF042EA0742904207D9AA1801F1FF37F9
:1002F80002D2904200F258813946121AA4B2B2FBD7
:10030800FEF00EFB102200FB0CFC44EA0244A4455C
:100318000BD92C1900F1FF322CBF01270027A44567
:1003280002D9002F00F04381104640EA0140A4EBB7
:100338000C0400211EB1DC400023C6E90043BDE8DF
:10034800F08F8B4206D90EB1C6E90001002108469C
:10035800BDE8F08FB3FA83F1002951D16345C0F0AD
:100368001681824240F213810846002EE7D0C6E982
:100378000047E4E7002A00F0AF80B2FA82F3002BCE
:1003880040F0C2808A1A4FEA154EAFB20121200C04
:10039800B2FBFEFC0EFB1C2240EA024207FB0CF0FB
:1003A80090420ED9AA180CF1FF382CBF4FF0010962
:1003B8004FF00009904203D9B9F1000F00F0F08026
:1003C800C446121AA4B2B2FBFEF00EFB102200FBC8
:1003D80007F744EA0244A7420ED92C1900F1FF326C
:1003E8002CBF4FF0010E4FF0000EA74203D9BEF10B
:1003F800000F00F0D2801046E41B40EA0C4099E759
:10040800C1F120058B400CFA01F400FA01F922FA37
:1004180005F72CFA05FC8A401F4320FA05F3380C2F
:1004280023431FFA87FE1C0CBCFBF0F800FB18CC1A
:1004380044EA0C4408FB0EFCA4450ED93C1908F10B
:10044800FF3A2CBF4FF0010B4FF0000BA44503D926
:10045800BBF1000F00F0B880D046A4EB0C041FFAE3
:1004680083FCB4FBF0F300FB134403FB0EFE4CEAE1
:100478000444A6450ED93C1903F1FF302CBF4FF0B8
:10048800010C4FF0000CA64503D9BCF1000F00F099
:100498009F80034643EA0840A4EB0E04A0FB02EC4D
:1004A80064457346E04602D307D1F14505D2BEEB59
:1004B80002036CEB070C0138E0465EB1B9EB0302AE
:1004C80064EB080404FA05F522FA01F3CC401D4355
:1004D800C6E90054002132E742082F464B08AC46D3
:1004E80042EAC172AE46C407110C92B241EA034116
:1004F80042EA0142B1FBF5F1B3FBF5F01F23A2EB91
:100508000C0241EA004142E79D40C3F120029940B4
:100518009C402CFA02FC4FEA154E20FA02F2AFB2C8
:10052800BCFBFEF80A430EFB18CC110C41EA0C4147
:1005380008FB07FC8C4550D9691808F1FF302CBF1F
:100548004FF001094FF000098C4502D9B9F1000FAD
:1005580030D0A1EB0C01B1FBFEF808FB07FC0EFB49
:10056800181192B242EA0142624534D2AA1808F13F
:10057800FF312CBF4FF001094FF000096245BED290
:10058800B9F1000FBBD1A8F102012A44B7E7841AD8
:100598006CEB030201201746E7E62C4402382BE7F0
:1005A800ACF1020C2A440CE702392A44A5E62C4493
:1005B8000238BAE6A5EB0C0CA8F102006144B1FBC5
:1005C800FEF808FB07FCCAE7A8F102083C4444E728
:1005D800023B3C445EE7414691E7A1EB0C014046F3
:1005E800B1FBFEF808FB07FCB9E700BF704700BF86
:1005F800DFF834D001F008F9002103E00B4B5B5819
:10060800435004310A480B4B42189A42F6D30A4A1F
:1006180002E0002342F8043B084B9A42F9D308F061
:10062800FFFE00F06BFCFEE700000C203CA0000879
:1006380000000020680000208000002034FE002018
:10064800FEE7000080B582B000AF0D4BD3F88830CC
:100658000B4A43F00103C2F88830094BD3F88830BD
:1006680003F001037B607B68002200211D2001F05C
:1006780081FA1D2001F098FA00BF0837BD4680BDF9
:10068800000C024680B58EB000AF07F124030022AB
:100698001A605A609A60DA601A61BF4BD3F88C30DE
:1006A800BD4A43F01003C2F88C30BB4BD3F88C30F2
:1006B80003F010033B623B6AB74BD3F88C30B64A61
:1006C80043F48073C2F88C30B34BD3F88C3003F406
:1006D8008073FB61FB69B04BD3F88C30AE4A43F0B2
:1006E8004003C2F88C30AC4BD3F88C3003F0400395
:1006F800BB61BB69A84BD3F88C30A74A43F004030D
:10070800C2F88C30A44BD3F88C3003F004037B611F
:100718007B69A14BD3F88C309F4A43F00203C2F89F
:100728008C309D4BD3F88C3003F002033B613B695E
:10073800994BD3F88C30984A43F00803C2F88C30B0
:10074800954BD3F88C3003F00803FB60FB68924BA1
:10075800D3F88C30904A43F08003C2F88C308E4B2B
:10076800D3F88C3003F08003BB60BB688A4BD3F8A6
:100778008C30894A43F00103C2F88C30864BD3F899
:100788008C3003F001037B607B68834BD3F88C309B
:10079800814A43F02003C2F88C307F4BD3F88C3069
:1007A80003F020033B603B680122A1217B4802F053
:1007B800BDFE00224FF4E851794802F0B7FE01224D
:1007C8000221784802F0B2FE00221221764802F097
:1007D800ADFE002241F20201744802F0A7FE002299
:1007E8004FF41071724802F0A1FE012208217148ED
:1007F80002F09CFE002204216F4802F097FE0423B9
:100808007B620223BB620023FB6200233B630D2350
:100818007B6307F124031946624802F0A7FC4023D2
:100828007B620023BB620023FB6207F124031946A5
:100838005A4802F09BFC48F240037B620323BB62E8
:100848000023FB6207F124031946584802F08EFC86
:100858004FF400737B620223BB620123FB62022315
:100868003B6306237B6307F1240319464F4802F0D4
:100878007DFC4FF4F8537B620223BB620023FB62CA
:1008880002233B630C237B6307F124031946494881
:1008980002F06CFC02237B620223BB620123FB6231
:1008A80002233B6305237B6307F1240319463B4876
:1008B80002F05CFCA1237B620123BB620023FB6284
:1008C80000233B6307F124031946344802F04EFC29
:1008D800C0237B621223BB620023FB6200233B63BD
:1008E80004237B6307F124031946344802F03EFCD5
:1008F80060237B620223BB620023FB6200233B630D
:1009080007237B6307F124031946274802F02EFCCE
:100918004FF4E8537B620123BB620023FB62002390
:100928003B6307F1240319461D4802F01FFCB0235E
:100938007B620023BB620023FB6207F12403194694
:10094800184802F013FC02237B620123BB620023D8
:10095800FB6200233B6307F124031946114802F0A8
:1009680005FC20237B620223BB620023FB62022377
:100978003B6306237B6307F1240319460F4802F003
:10098800F5FB4FF480637B620223BB620023FB62AA
:1009980002233B63062313E0000C024600200242B8
:1009A800001C024200100242000C024200180242DF
:1009B80000140242000802420000024200040242FF
:1009C8007B6307F124031946BB4802F0CFFB1223CF
:1009D8007B620123BB620023FB6200233B6307F1B8
:1009E80024031946B54802F0C1FB41F249137B6262
:1009F800B34BBB620023FB6207F124031946B148DD
:100A080002F0B4FB4FF440737B620223BB62002305
:100A1800FB6202233B6308237B6307F12403194627
:100A2800A94802F0A3FB08237B620023BB620023D2
:100A3800FB6207F124031946A04802F097FB0C2338
:100A48007B620223BB620023FB6202233B63052314
:100A58007B6307F1240319469C4802F087FB42F2A6
:100A680022037B62964BBB620023FB6207F12403DF
:100A78001946974802F07AFB41F202037B62012390
:100A8800BB620023FB6200233B6307F12403194682
:100A9800894802F06BFB4FF4B0637B620023BB62B2
:100AA8000023FB6207F1240319468A4802F05EFB23
:100AB80004237B62824BBB620223FB6207F124039F
:100AC8001946844802F052FB04237B620223BB626E
:100AD8000023FB6202233B630C237B6307F124039F
:100AE8001946764802F042FB4FF4E0637B6202232A
:100AF800BB620023FB6200233B630D237B6307F18A
:100B080024031946744802F031FB4FF4C0537B624A
:100B18000223BB620023FB6203233B630A237B633C
:100B280007F1240319466C4802F020FB4FF41073B8
:100B38007B620123BB620023FB6200233B6307F156
:100B480024031946634802F011FB4FF4C0737B621B
:100B58001223BB620023FB6200233B6304237B63F5
:100B680007F124031946544802F000FBC0237B62B6
:100B78000223BB620023FB6202233B6308237B63DF
:100B880007F124031946524802F0F0FA01237B6268
:100B98000023BB620023FB6207F1240319464C487B
:100BA80002F0E4FAC0237B620223BB620023FB62EB
:100BB80002233B6305237B6307F124031946464858
:100BC80002F0D4FA08237B620123BB620023FB6294
:100BD80000233B6307F1240319463D4802F0C6FA97
:100BE80020237B620223BB620123FB6202233B6357
:100BF80005237B6307F124031946374802F0B6FA48
:100C080001237B620323BB620023FB6207F12403F9
:100C180019462D4802F0AAFA4FF480637B6202233A
:100C2800BB620023FB6200233B6301237B6307F164
:100C380024031946244802F099FA4FF440537B6282
:100C48001223BB620023FB6200233B6304237B6304
:100C580007F124031946194802F088FA04237B6235
:100C68000023BB620023FB6207F1240319461248E4
:100C780002F07CFA4FF400537B620223BB6200232C
:100C8800FB6200233B6301237B6307F124031946BE
:100C98000C4802F06BFA4FF400637B62084BBB62AE
:100CA8000023FB6207F124031946074802F05EFAA5
:100CB80049F2020312E000BF00180242000C02428F
:100CC80000001110001002420004024200200242FB
:100CD8000008024200140242000002427B62002324
:100CE800BB620023FB6207F124031946454802F062
:100CF8003DFA04237B620123BB620023FB620023CD
:100D08003B6307F1240319463F4802F02FFA4FF4DA
:100D180000437B620323BB620023FB6207F12403C9
:100D280019463A4802F022FA4FF4C0437B62122374
:100D3800BB620023FB6200233B6304237B6307F150
:100D4800240319462F4802F011FA10237B62304B16
:100D5800BB620023FB6207F1240319462A4802F00C
:100D680005FA4FF400437B62294BBB620023FB6208
:100D780007F124031946274802F0F8F90022072151
:100D88000B2000F0F7FE002207210C2000F0F2FEF5
:100D9800002207210D2000F0EDFE002207210E2081
:100DA80000F0E8FE002207210F2000F0E3FE0022F9
:100DB8000721102000F0DEFE00220721112000F09C
:100DC800D9FE00220721132000F0D4FE132000F0E2
:100DD800EBFE00220021162000F0CCFE162000F0C9
:100DE800E3FE00220021182000F0C4FE182000F0C5
:100DF800DBFE002207211A2000F0BCFE00BF3837B6
:100E0800BD4680BD000402420000024200100242BA
:100E1800000011100014024280B500AF002002F05B
:100E2800D9FB0346002B01D000F062F902F0F2FB77
:100E38000346002B01D000F05BF900BF80BD000025
:100E480080B584B000AFF860B9607A607B689AB208
:100E58004FF47A73B968044807F018FB7B681846A2
:100E68001037BD4680BD00BF2CFC002080B483B085
:100E780000AF78607B681B68054A934202D1054B36
:100E880002221A7000BF0C37BD465DF8047B70471C
:100E9800804002469C00002080B483B000AF786098
:100EA8007B681B68054A934202D1054B01221A70E0
:100EB80000BF0C37BD465DF8047B70478040024692
:100EC800ACFA002080B483B000AF78607B681B6800
:100ED800074A934206D1074B01221A707B681B6CA4
:100EE800054A136000BF0C37BD465DF8047B7047A8
:100EF80080400246ADFA0020B0FA002080B500AF6D
:100F080000F0BAFC00F0E5F800F082F8FFF7BAFB51
:100F1800FFF798FB00F0FAF800F0C2FBFFF77CFF40
:100F28002E4B1B78DBB2012B22D12C4B00221A70DE
:100F3800002240212A4802F0F9FA01224FF4805198
:100F4800284802F0F3FA284A284B1A60274B4FF436
:100F58007A425A60254B01221A72244A24492548AC
:100F680002F0C0FC0346002B1BD000F0C1F818E0CB
:100F78001A4B1B78DBB2022B13D11E4802F0DAFDA4
:100F880000224FF48051174802F0D0FA0122402184
:100F9800134802F0CBFA184808F010F90F4B00225A
:100FA8001A70164B1B78DBB2002B05D0134B0022AE
:100FB8001A70134808F002F9124B1B78DBB2002BA9
:100FC800AED0104B00221A700F4B1B6819460F4801
:100FD80008F08CF800F08CF8A2E700BF9C00002015
:100FE80000140242001C0242A0000020A0FA0020C7
:100FF800F8FA0020B4FA0020B89E0008ACFA0020E5
:10100800D89E0008ADFA0020B0FA0020E49E00083F
:1010180080B59EB000AF07F1180360220021184682
:1010280008F0AAF93B4600221A605A609A60DA6012
:101038001A615A614FF4403003F060F90346002BFF
:1010480001D000F055F85023BB6101237B631023C6
:10105800BB630023FB634FF000733B641023FB6406
:1010680002233B6501237B654FF40053FB65032393
:10107800BB6520233B6601237B660223BB660423F2
:10108800FB660C233B6700237B6707F118031846B0
:1010980003F020FA0346002B01D000F029F81F23A3
:1010A8003B6003237B600023BB600023FB600023BD
:1010B8003B6100237B613B460321184604F0E6F8B8
:1010C8000346002B01D000F013F800BF7837BD4667
:1010D80080BD80B500AF03F0EDF9022003F09AF966
:1010E8000346002B01D000F003F800BF80BD0000CC
:1010F80080B500AF01224FF40061034802F016FAF0
:1011080072B600BF00BFFDE7001C024280B500AF09
:101118002A4B2B4A1A60294B01229A60274B01223D
:101128001A73264B20221A61244B08225A61234B3A
:1011380000221A76214B012283F824201F4B10220B
:101148009A621E4B0022DA621C4B04221A631B4B64
:1011580000225A63194802F06DFA0346002B01D0A9
:10116800FFF7C6FF174B00221A60164B00225A6081
:10117800144B50229A60134B2022DA60114B002244
:101188005A61104B01221A760E4B0022DA610D4B80
:10119800012283F820200B4B00225A62094B0022BF
:1011A80083F83420074B00225A66064B00229A66C1
:1011B800044B0022DA6600BF80BD00BFB4FA0020ED
:1011C80080400246F8FA002080B5D6B000AF07F597
:1011D800AC73A3F5AA73186007F5A27300221A600E
:1011E8005A609A60DA601A6107F1D8036C2200210C
:1011F800184608F0C1F807F5AC73A3F5A4731846B0
:10120800C8231A46002108F0B7F807F5AC73A3F510
:10121800AA731B681B687D4A934240F0F18007F56A
:10122800AC73A3F5A4714FF400324FF00003C1E989
:10123800002307F5AC73A3F5A4734FF48022C3F819
:101248008C2007F11003184604F0F0FB0346002B2E
:1012580001D0FFF74DFF6E4BD3F894306C4A43F43E
:101268008063C2F894306A4BD3F8943003F48062F8
:1012780007F5AC73A3F5A6731A6007F5AC73A3F56D
:10128800A6731B68624BD3F88C30614A43F0100395
:10129800C2F88C305E4BD3F88C3003F0100207F59F
:1012A800AC73A3F5A8731A6007F5AC73A3F5A8731C
:1012B8001B684FF4C063C7F844310223C7F84831AC
:1012C8000023C7F84C310023C7F850310323C7F86F
:1012D800543107F5A27319464E4801F047FF212300
:1012E800C7F8D8306223C7F8DC300023C7F8E030ED
:1012F8000023C7F8E4300023C7F8E8304FF4002390
:10130800C7F8EC300123C7F8F0304FF48033C7F842
:10131800F4300123C7F8FC300123C7F8003100235B
:10132800C7F804310023C7F808310023C7F80C3187
:101338000023C7F81C310023C7F810310023C7F871
:10134800143107F1D8033449184601F04DF9034622
:10135800002B01D0FFF7CCFE2F4A00212F4801F0C7
:1013680059F90346002B01D0FFF7C2FE2B4801F0C4
:101378001AFA0346002B01D0FFF7BAFE284B294A78
:101388001A60274B00229A63254B0022DA63244B0C
:1013980000221A64224B00225A64214B81229A644B
:1013A8001F4800F061FF0346002B01D0FFF7A0FEA5
:1013B8001A491B4801F058FA0346002B01D0FFF7E1
:1013C80097FE07F5AC73A3F5AA731B68144A9A63D2
:1013D800134A07F5AC73A3F5AA731B68D3651021EC
:1013E8000F4800F0E0FE0346002B01D0FFF780FE17
:1013F80000220021702000F0BDFB702000F0D4FB1B
:1014080000BF07F5AC77BD4680BD00BF80400246EF
:10141800000C02460010024274FB002098FB0020DA
:10142800B0FB00205000024080B582B000AF0A4BEC
:10143800D3F89430084A43F00403C2F89430064BBA
:10144800D3F8943003F004037B607B6803F032F830
:1014580000BF0837BD4680BD000C024680B400AF0F
:1014680000BFFDE780B400AF00BFFDE780B400AF68
:1014780000BFFDE780B400AF00BFFDE780B400AF58
:1014880000BFFDE780B400AF00BFBD465DF8047B38
:10149800704780B400AF00BFBD465DF8047B70475D
:1014A80080B400AF00BFBD465DF8047B704780B5CF
:1014B80000AF00F087FA00BF80BD80B500AF012003
:1014C80002F04CF800BF80BD80B500AF022002F0EA
:1014D80045F800BF80BD80B500AF042002F03EF89B
:1014E80000BF80BD80B500AF082002F037F800BF0C
:1014F80080BD80B500AF102002F030F800BF80BD7D
:1015080080B500AF202002F029F800BF80BD80B56B
:1015180000AF402002F022F800BF80BD80B500AFC8
:101528004FF4807002F01AF800BF80BD80B500AF9C
:101538004FF4006002F012F800BF80BD80B500AF24
:101548004FF4005002F00AF8024B01221A7000BF53
:1015580080BD00BF9C00002080B500AF4FF4004064
:1015680001F0FCFF00BF80BD80B500AF024800F06D
:10157800B9FC00BF80BD00BFB0FB002080B500AF44
:10158800024802F07CFB00BF80BD00BFB4FA002017
:1015980080B586B000AFF860B9607A6000237B61DF
:1015A8000AE0AFF300800146BB685A1CBA60CAB2B1
:1015B8001A707B6901337B617A697B689A42F0DB38
:1015C8007B6818461837BD4680BD80B483B000AF2D
:1015D80078604FF0FF3318460C37BD465DF8047B42
:1015E800704780B483B000AF786039603B684FF4CF
:1015F80000525A60002318460C37BD465DF8047B3C
:10160800704780B483B000AF7860012318460C3768
:10161800BD465DF8047B704780B485B000AFF860C4
:10162800B9607A60002318461437BD465DF8047B1C
:101638007047000080B586B000AF7860144A154B3B
:10164800D31A7B617B693B61134B1B68002B02D16A
:10165800114B124A1A60104B1A687B6813443A6996
:101668009A4207D207F0D6FE03460C221A604FF0C2
:10167800FF3309E0084B1B68FB60074B1A687B685F
:101688001344054A1360FB6818461837BD4680BDE9
:1016980000000C200040000028FC002038FE00203C
:1016A80080B500AF224B234A1A60214B4FF4E13238
:1016B8005A601F4B00229A601D4B0022DA601C4BB7
:1016C80000221A611A4B0C225A61194B00229A61A6
:1016D800174B0022DA61164B00221A62144B0022C3
:1016E8005A62134B00229A62114806F07FFE0346A5
:1016F800002B01D0FFF7FCFC00210D4807F068FB28
:101708000346002B01D0FFF7F3FC0021084807F03F
:101718009DFB0346002B01D0FFF7EAFC044807F0C5
:101728001EFB0346002B01D0FFF7E2FC00BF80BD83
:101738002CFC0020004C004080B5BCB000AF7860A5
:1017480007F1DC0300221A605A609A60DA601A61B5
:1017580007F11003C8220021184607F00DFE7B6828
:101768001B68264A934244D14FF008024FF0000309
:10177800C7E904230023FB6607F11003184604F0A9
:1017880055F90346002B01D0FFF7B2FC1C4BD3F8E8
:101798009C301B4A43F40023C2F89C30184BD3F802
:1017A8009C3003F40023FB60FB68154BD3F88C30A6
:1017B800134A43F00103C2F88C30114BD3F88C3034
:1017C80003F00103BB60BB680323C7F8DC300223C6
:1017D800C7F8E0300023C7F8E4300023C7F8E83042
:1017E8000823C7F8EC3007F1DC031946054801F077
:1017F800BDFC00BFF037BD4680BD00BF004C0040B7
:10180800000C02460000024280B400AF184BD3F827
:101818008830174A43F47003C2F88830154B012208
:101828001A60144B0022DA61124B00221A62114B23
:1018380000225A620F4B1B680E4A23F0A85323F468
:10184800102313600B4B00229A620A4B1B68094A4B
:1018580023F480231360074B00221A65044B4FF0D2
:1018680000629A6000BFBD465DF8047B704700BF08
:1018780000ED00E0000C024680B500AF124B1B687B
:10188800114A43F480731360032000F068F903F0F1
:10189800EFFE02460D4B1B6A03F00F030C49CB5CAD
:1018A80022FA03F30B4A1360042000F0ADF90F206D
:1018B80000F012F80346002B01D0012302E0FFF7E5
:1018C800B3FD0023184680BD00200240000C0246EC
:1018D800F89E00080000002080B584B000AF786052
:1018E8000023FB60334B1B78002B01D101235CE004
:1018F800314B1B6803F00403042B0CD12F4B1A68DF
:101908002C4B1B7819464FF47A73B3FBF1F3B2FBF7
:10191800F3F3FB6037E000F0CFF9B860BB68022B47
:1019280023D0BB68022B2DD8BB68002B03D0BB6823
:10193800012B0DD026E0214B1A681E4B1B78194647
:101948004FF4FA53B3FBF1F3B2FBF3F3FB601AE085
:10195800184B1B781A464FF47A73B3FBF2F34FF423
:10196800FA42B2FBF3F3FB600DE0124B1B781A4608
:101978004FF47A73B3FBF2F34FF40042B2FBF3F384
:10198800FB6000E000BFF86800F01CF90346002B7C
:1019980001D0012309E0002279684FF0FF3000F000
:1019A800E9F8074A7B681360002318461037BD46DC
:1019B80080BD00BF0800002010E000E0000000200B
:1019C8000400002080B400AF064B1B781A46064B73
:1019D8001B681344044A136000BFBD465DF8047BCE
:1019E800704700BF08000020C0FC002080B400AF92
:1019F800034B1B681846BD465DF8047B704700BF63
:101A0800C0FC002080B485B000AF78607B6803F02C
:101A18000703FB600C4BDB68BB60BA684FF6FF033B
:101A28001340BB60FB681A02BB68134343F0BF63F3
:101A380043F40033BB60044ABB68D36000BF14376B
:101A4800BD465DF8047B704700ED00E080B400AF50
:101A5800044BDB681B0A03F007031846BD465DF814
:101A6800047B704700ED00E080B483B000AF03460C
:101A7800FB7197F90730002B0BDBFB7903F01F0292
:101A8800074997F907305B09012000FA02F241F88B
:101A9800232000BF0C37BD465DF8047B704700BFAC
:101AA80000E100E080B483B000AF03463960FB7109
:101AB80097F90730002B0ADB3B68DAB20C4997F933
:101AC80007301201D2B20B4483F800230AE03B68C6
:101AD800DAB20849FB7903F00F03043B1201D2B2D2
:101AE8000B441A7600BF0C37BD465DF8047B70477F
:101AF80000E100E000ED00E080B489B000AFF860DC
:101B0800B9607A60FB6803F00703FB61FB69C3F106
:101B18000703042B28BF0423BB61FB690433062B8E
:101B280002D9FB69033B00E000237B614FF0FF32E1
:101B3800BB6902FA03F3DA43BB681A407B699A402F
:101B48004FF0FF317B6901FA03F3D9437B680B40FF
:101B5800134318462437BD465DF8047B704780B5AB
:101B680082B000AF78607868FFF74CFF00BF083795
:101B7800BD4680BD80B586B000AF0346B9607A60C7
:101B8800FB73FFF763FF78617A68B9687869FFF7D4
:101B9800B3FF024697F90F3011461846FFF782FF48
:101BA80000BF1837BD4680BD80B582B000AF034680
:101BB800FB7197F907301846FFF756FF00BF083743
:101BC800BD4680BD80B483B000AF78607B68013BC0
:101BD800B3F1807F01D301230DE00A4A7B68013B02
:101BE8005360084B00229A60064B1B68054A43F075
:101BF80003031360002318460C37BD465DF8047BC9
:101C0800704700BF10E000E080B483B000AF786098
:101C18007B68042B44D801A252F823F0471C000823
:101C2800651C0008871C0008A91C0008391C00084E
:101C38001F4B1B681E4A43F00403136031E01C4B22
:101C48001B681B4A23F0040313601A4BD3F8E030D7
:101C5800184A23F44003C2F8E03022E0144B1B6812
:101C6800134A23F004031360124BD3F8E03023F433
:101C78004003104A43F48003C2F8E03011E00C4BF3
:101C88001B680B4A23F0040313600A4BD3F8E030B7
:101C980023F44003074A43F40003C2F8E03000E0AD
:101CA80000BF00BF0C37BD465DF8047B704700BF1E
:101CB80010E000E0000C024680B483B000AF194B7E
:101CC8001B6803F00403002B02D004237B6021E08F
:101CD800154BD3F8E03003F440033B603B68B3F5A1
:101CE800000F11D03B68B3F5000F10D83B68002BEC
:101CF80004D03B68B3F5800F03D008E000237B6075
:101D080008E001237B6005E002237B6002E00023FA
:101D18007B6000BF7B6818460C37BD465DF8047BC6
:101D2800704700BF10E000E0000C024680B584B0A8
:101D380000AFF860B9607A603B60FB68002B01D1A6
:101D480001234FE0FB6893F84C30012B01D10223AB
:101D580048E0FB68012283F84C20FB6893F8543074
:101D6800DBB2012B36D1FB68022283F85420FB68D2
:101D780000229A653B687A68B968F86800F04FFAFB
:101D8800FB681B685A69FB681B6842F4BA425A61CF
:101D9800FB685B6E002B07D0FB681B685A69FB6801
:101DA8001B6842F400725A61FB681B6F002B07D056
:101DB800FB681B685A69FB681B6842F400525A6149
:101DC800FB681B685A69FB681B6842F001025A618C
:101DD800002307E0FB6840229A65FB68002283F82D
:101DE8004C20012318461037BD4680BD80B584B00D
:101DF80000AF7860FFF7FAFDF8607B68002B01D12F
:101E080001236BE07B6893F85430DBB2022B08D0D7
:101E18007B6820229A657B68002283F84C20012386
:101E28005CE07B681B685A697B681B6842F00402A7
:101E38005A617B68052283F8542020E0FFF7D6FD1D
:101E48000246FB68D31A052B19D97B689B6D43F0B2
:101E580010027B689A657B68032283F854207B68AC
:101E68001B6D03F08003002B03D07B685B6F01229E
:101E78001A737B68002283F84C2001232EE07B68CC
:101E88001B681B6903F40053002BD7D07B681B68C1
:101E98005A697B681B6842F002025A617B68042217
:101EA80083F854207B681B684FF4FE42DA607B6835
:101EB800012283F854207B681B6D03F08003002BFC
:101EC80007D07B685B6F01221A737B681B6800224E
:101ED8009A647B68002283F84C2000231846103748
:101EE800BD4680BD80B586B000AF78607B681B6852
:101EF80023F47F6323F00F037B617B681B68C3F3C4
:101F08000B03503BDB0903F01F03012202FA03F322
:101F18003B617B69DB683A691340FB60FB68002B17
:101F280000F03B817B681B681B6903F48063002B0E
:101F380011D07B681B685B6903F48063002B0AD0AF
:101F48007B681B684FF48062DA607B689B6D43F0A6
:101F580001027B689A657B681B681B6903F4006350
:101F6800002B11D07B681B685B6903F40063002BAE
:101F78000AD07B681B684FF40062DA607B689B6D4F
:101F880043F002027B689A657B681B681B6903F44F
:101F98008053002B11D07B681B685B6903F4805366
:101FA800002B0AD07B681B684FF48052DA607B688C
:101FB8009B6D43F004027B689A657B681B681B690C
:101FC80003F48043002B11D07B681B685B6903F422
:101FD8008043002B0AD07B681B684FF48042DA608C
:101FE8007B689B6D43F008027B689A657B681B6879
:101FF8001B6903F40073002B13D07B681B685B69B3
:1020080003F40073002B0CD07B681B684FF400723C
:10201800DA607B685B6E002B03D07B685B6E786848
:1020280098477B681B681B6903F40053002B4CD04E
:102038007B681B685B6903F40053002B45D07B6801
:102048001B684FF40052DA607B6893F85430DBB2B7
:10205800042B2ED17B681B685A697B681B6822F4A5
:1020680000525A617B681B685A697B681B6842F09A
:1020780002025A617B68012283F854207B681B6D39
:1020880003F08003002B07D07B685B6F01221A7373
:102098007B681B6800229A647B68002283F84C20C6
:1020A8007B68DB6E002B7AD07B68DB6E786898479C
:1020B80075E07B68052283F854207B681B6F002B32
:1020C80003D07B681B6F786898477B681B681B691F
:1020D80003F48073002B39D07B681B685B6903F4B9
:1020E8008073002B32D07B681B6D03F08003002BBC
:1020F80012D07B681B68DB6F002B16D17B681B68CE
:102108009B6C002B11D17B68012283F854207B68DB
:102118005B6F01221A7308E07B681B689B6C002BBD
:1021280003D17B68012283F854207B681B684FF435
:102138004072DA607B68002283F84C207B681B6E53
:10214800002B03D07B681B6E786898477B689B6D73
:10215800002B25D07B681B685A697B681B6842F096
:1021680002025A617B68012283F854207B681B6D48
:1021780003F08003002B03D07B685B6F01221A7386
:102188007B68002283F84C207B689B6E002B07D06D
:102198007B689B6E7868984702E000BF00E000BF4C
:1021A8001837BD4680BD80B485B000AF786039600F
:1021B8007B68002B01D101232BE07B681B6823F48B
:1021C8007F6323F00F03FB607B681B68C3F30B037B
:1021D800503BDB0903F01F03012202FA03F3BB6043
:1021E8003B6803F01003002B12D03B6803F0110387
:1021F800112B06D1FB685A68BB681A43FB685A6002
:1022080006E0FB685A68BB68DB431A40FB685A6003
:10221800002318461437BD465DF8047B704780B428
:1022280085B000AFF860B9607A603B60FB681B68F6
:102238009B6C1B0C1B043A6891B2FA6812680B433A
:102248009364FB681B684FF4FE42DA60FB681B6806
:10225800BA68DA64FB681B687A681A6500BF1437C5
:10226800BD465DF8047B704780B584B000AF7860E8
:10227800FFF7BCFBF8607B68002B01D10123DBE092
:102288007B681B686E4A934200F09F807B681B68DE
:102298006C4A934200F099807B681B686A4A9342B3
:1022A80000F093807B681B68684A934200F08D8039
:1022B8007B681B68664A934200F087807B681B68CE
:1022C800644A934200F081807B681B68624A9342AB
:1022D8007BD07B681B68614A934276D07B681B6819
:1022E8005F4A934271D07B681B685E4A93426CD008
:1022F8007B681B685C4A934267D07B681B685B4AB3
:10230800934262D07B681B68594A93425DD07B68D0
:102318001B68584A934258D07B681B68564A9342B8
:1023280053D07B681B68554A93424ED07B681B6824
:10233800534A934249D07B681B68524A934244D01F
:102348007B681B68504A93423FD07B681B684F4AA2
:1023580093423AD07B681B684D4A934235D07B68DC
:102368001B684C4A934230D07B681B684A4A9342A8
:102378002BD07B681B68494A934226D07B681B6830
:10238800474A934221D07B681B68464A93421CD037
:102398007B681B68444A934217D07B681B68434A92
:1023A800934212D07B681B68414A93420DD07B68E8
:1023B8001B68404A934208D07B681B683E4A934298
:1023C80003D07B681B683D4A93427B68002283F8F0
:1023D8004C207B68022283F854207B681B685A696A
:1023E8007B681B6842F006025A610FE0FFF7FEFAAD
:1023F8000246FB68D31A052B08D97B6810229A6518
:102408007B68032283F85420012315E07B681B684E
:102418005B6903F00103002BE8D1786800F0BAFA91
:102428007B689A6C7B681A657B6800229A657B6872
:10243800012283F85420002318461037BD4680BD7A
:102448005000024050000250D0000240D00002501C
:102458005001024050010250D0010240D001025008
:102468005002024050020250D0020240D0020250F4
:102478005003024050030250D0030240D0030250E0
:102488005004024050040250D0040240D0040250CC
:102498005005024050050250D0050240D0050250B8
:1024A8005006024050060250D0060240D0060250A4
:1024B8005007024050070250D0070240D007025090
:1024C80080B586B000AF78607B68002B03D07B684E
:1024D8005B6F002B01D1012382E07B6893F85430B5
:1024E800FB757B681B685B6903F480333B61FB7D8C
:1024F800012B05D0FB7D022B6AD13B69002B67D0ED
:102508007B6893F85430DBB2012B57D17B6893F882
:102518004C30012B01D1022362E07B68012283F851
:102528004C207B68022283F854207B685B6F022270
:102538001A737B6800229A657B685B6F00221A61B8
:102548007B681B685A697B681B6842F4BA425A6107
:102558007B685B6E002B07D07B681B685A697B68B9
:102568001B6842F400725A617B681B6F002B07D00E
:102578007B681B685A697B681B6842F400525A6181
:102588007B685B6F1B6807F10C010022184600F09E
:102598001DFD7B685B6F1B6819467B681A680B0C0E
:1025A8001B0413607B685B6F1B681A464FF6FC734D
:1025B8001340F9687A6812680B43D3677B681B6815
:1025C8005A697B681B6842F001025A61002307E0E0
:1025D8007B6840229A657B68002283F84C2001239F
:1025E80018461837BD4680BD80B582B000AF786008
:1025F80039607B68002B02D03B68002B01D1012396
:1026080004E03968786800F01DFB00231846083795
:10261800BD4680BD80B58CB000AFF860B9607A6007
:10262800FB68002B02D07B68002B01D10123B6E0A8
:10263800FB685B69012B04D1FB6804221A61012342
:10264800ADE0FB681B687A68B968184600F052FC70
:102658000346002B04D0FB6805221A6101239EE083
:10266800FB681B687A68B968184600F073FC034673
:10267800002B04D0FB6804221A6101238FE0FB6859
:1026880002221A73FB6800221A6107F1280207F177
:102698002C031946786800F099FCFB681B68002B2E
:1026A8001AD1BB68002B06D1FB687A681A60FB68F0
:1026B80001229A606CE0FB68BA681A607A684FF683
:1026C800FC731340F96ABA6A1943BB6843F82210CD
:1026D800FB6802229A605BE0BB68002B0FD1FB68A5
:1026E8001B681A464FF6FC731340F96ABA6A194315
:1026F8007B6843F82210FB687A681A6043E0BB6A7B
:102708007B6107F114031A46B968F86800F08EFC7B
:102718000346002B32D1FA69FB689B689A421AD1AA
:10272800FB685B68002B0BD0FB685B681A464FF6AA
:10273800FC731340F96ABA6A19437B6843F822109C
:102748007A684FF6FC731340F96ABA6A1943BB6892
:1027580043F8221017E0B96ABA6ABB6853F8211027
:102768007B6843F822107A684FF6FC731340F96AC5
:10277800BA6A1943BB6843F8221004E0FB680622D2
:102788001A6101230BE0FB689B685A1CFB689A607E
:10279800FB6800221A61FB6801221A73002318469D
:1027A8003037BD4680BD80B58AB000AF78607B68A1
:1027B800002B01D1012352E07B681B68002B04D158
:1027C8007B6802221A61012349E07B685B68002B61
:1027D8000CD07B685A687B681B689A4201D1002339
:1027E8003DE07B6804221A61012338E07B685B695D
:1027F800012B04D17B6804221A6101232FE07B6836
:1028080002221A737B6800221A617B681B6807F131
:10281800200207F12401184600F0D8FB3B6AFB6050
:1028280007F10C031A460021786800F0FFFB7B686B
:102838001B681A464FF6FC731340796ABA6910464A
:102848003A6A0B4340F822307B681A687B685A6002
:102858007B6800221A617B6801221A7300231846DC
:102868002837BD4680BD000080B485B000AF7860D1
:1028780039607B68002B02D03B68002B01D1012313
:1028880072E07B6893F85430FB737B6893F854309C
:10289800DBB2022B02D0FB7B052B08D17B684022E0
:1028A8009A657B68002283F84C2001235CE03B6832
:1028B8001B7BDBB2022B04D13B6801221A61012386
:1028C80052E07B681B682B4A934222D07B681B68C6
:1028D800294A93421DD07B681B68284A934218D026
:1028E8007B681B68264A934213D07B681B68254A7D
:1028F80093420ED07B681B68234A934209D07B68B9
:102908001B68224A934204D07B681B68204A934282
:1029180001D1012300E00023002B0BD13B681B6889
:102928001B6A03F00203002B04D03B6803221A61E0
:10293800012319E07B681B6D812B08D13B685B681C
:10294800002B0DD13B6804221A6101230CE03B687F
:102958005B68002B04D03B6804221A61012303E062
:102968007B683A685A67002318461437BD465DF8F5
:10297800047B70475006024050060250D0060240C1
:10298800D00602505007024050070250D0070240BC
:10299800D007025080B485B000AF78607B689A6B2E
:1029A8007B68DB6B1343FB607B681B68854A93423B
:1029B80000F0A0807B681B68834A934200F09A80ED
:1029C8007B681B68814A934200F094807B681B688F
:1029D8007F4A934200F08E807B681B687D4A934251
:1029E80000F088807B681B687B4A934200F08280F5
:1029F8007B681B68794A93427CD07B681B68784A5D
:102A0800934277D07B681B68764A934272D07B6882
:102A18001B68754A93426DD07B681B68734A934262
:102A280068D07B681B68724A934263D07B681B68D6
:102A3800704A93425ED07B681B686F4A934259D0B4
:102A48007B681B686D4A934254D07B681B686C4A4C
:102A580093424FD07B681B686A4A93424AD07B688E
:102A68001B68694A934245D07B681B68674A934252
:102A780040D07B681B68664A93423BD07B681B68E2
:102A8800644A934236D07B681B68634A934231D0CC
:102A98007B681B68614A93422CD07B681B68604A3C
:102AA800934227D07B681B685E4A934222D07B689A
:102AB8001B685D4A93421DD07B681B685B4A934242
:102AC80018D07B681B685A4A934213D07B681B68EE
:102AD800584A93420ED07B681B68574A934209D0E4
:102AE8007B681B68554A934204D07B681B68544A2C
:102AF800934201D1012300E00023002B04D07B681E
:102B08001B6CFA681343FB607B681B685B6923F4E2
:102B180043017B681B68FA680A435A617B681B6833
:102B280000221A647B681B687A68526C5A647B6856
:102B38001B6800229A647B681B680022DA647B6841
:102B48001B6800221A657B681B68364A934222D0AC
:102B58007B681B68344A93421DD07B681B68334AE4
:102B6800934218D07B681B68314A934213D07B6824
:102B78001B68304A93420ED07B681B682E4A9342EA
:102B880009D07B681B682D4A934204D07B681B6878
:102B98002B4A934201D1012300E00023002B07D0E8
:102BA8007B681B6800225A657B681B6800229A654F
:102BB8007B681B680022DA6700BF1437BD465DF8E2
:102BC800047B70475000024050000250D000024081
:102BD800D00002505001024050010250D001024082
:102BE800D00102505002024050020250D00202406E
:102BF800D00202505003024050030250D00302405A
:102C0800D00302505004024050040250D004024045
:102C1800D00402505005024050050250D005024031
:102C2800D00502505006024050060250D00602401D
:102C3800D00602505007024050070250D007024009
:102C4800D007025080B485B000AF786039607B68E7
:102C58005A697B68DB691A437B68DB6B1A437B68BC
:102C68001B691A437B689B691A433B681A607B6837
:102C78001B6803F02003002B17D03B681A687B6899
:102C8800D96A7B689B6B19437B689B6A013B1B0570
:102C980003F07C7319437B685B6A013B1B0103F4F7
:102CA8007C730B431A433B681A607B681A6B7B681A
:102CB800596840F27F230B401A433B685A607B688F
:102CC800DB68B3F5806F0CD17B681B6803F02003C9
:102CD800002B11D03B685B6843F480623B685A6004
:102CE8000AE07B68DB68B3F5007F05D13B685B6869
:102CF80043F400723B685A607B685B6C002B0FD012
:102D08003B685A687B68196C7B685B6C19437B6805
:102D18009B6C1B0403F47C130B431A433B685A60F7
:102D28007B689B6E9AB23B689A607B681B6803F06D
:102D38000203002B4ED03B689A687B68DB6C013B32
:102D480019046A4B0B401A433B689A607B681B6DF9
:102D5800002B06DA3B689B6843F080523B689A6018
:102D680005E03B689B6823F080523B689A607B686B
:102D78005B6D002B06DA3B689B6843F000523B68AA
:102D88009A6005E03B689B6823F000523B689A60B4
:102D98007B689B6D002B06DA3B689B6843F080429A
:102DA8003B689A6005E03B689B6823F080423B687B
:102DB8009A607B68DB6D002B06DA3B689B6843F002
:102DC80000423B689A6005E03B689B6823F000423C
:102DD8003B689A607B681A6E3B68DA607B685A6E5B
:102DE8003B681A617B681B6803F00203002B5DD007
:102DF8007B681B6D002B09DA7B681B6D5B42FB60EF
:102E0800FB68C3F30C023B685A6105E07B681B6DE5
:102E1800C3F30C023B685A617B685B6D002B0DDACB
:102E28007B685B6D5B42FB603B685A69FB68190411
:102E38002F4B0B401A433B685A6109E03B685A69BB
:102E48007B685B6D19042A4B0B401A433B685A6137
:102E58007B689B6D002B08DA7B689B6D5B42FB608F
:102E6800FB689AB23B689A6104E07B689B6D9AB2F2
:102E78003B689A617B68DB6D002B0BDA7B68DB6D46
:102E88005B42FB603B689A69FB681B041A433B681A
:102E98009A6107E03B689A697B68DB6D1B041A43FB
:102EA8003B689A613B680022DA6102E03B680022D5
:102EB8005A617B681A683B681A627B681B6803F072
:102EC8000203002B06D03B681B6A43F4E0623B68B0
:102ED8001A6205E03B681B6A43F4A0623B681A6209
:102EE80000BF1437BD465DF8047B70470000FF073C
:102EF8000000FF1F80B487B000AFF860B9607A6047
:102F0800FA68BB681A437B6813431B0C1B043B61BC
:102F180000237B61FB68002B02D0FB687B610AE021
:102F2800BB68002B02D0BB687B6104E07B68002B88
:102F380001D07B687B617B691B0C1B043A699A4250
:102F480001D0012300E0002318461C37BD465DF878
:102F5800047B704780B487B000AFF860B9607A60CE
:102F680000237B61FB68002B04D0FB681B6ADBB283
:102F78007B610EE0BB68002B04D0BB681B6ADBB228
:102F88007B6106E07B68002B03D07B681B6ADBB2A1
:102F98007B61BB68002B07D0BB681B6ADBB27A6910
:102FA8009A4201D002230BE07B68002B07D07B6894
:102FB8001B6ADBB27A699A4201D0032300E000233E
:102FC80018461C37BD465DF8047B704780B485B051
:102FD80000AFF860B9607A60FB681B6A03F002030F
:102FE800002B0CD0BB68002B02D0BB680D4A1A60BE
:102FF8007B68002B0FD07B6807221A600BE0BB6848
:10300800002B02D0BB68084A1A607B68002B02D0EC
:103018007B6805221A6000BF1437BD465DF8047B43
:10302800704700BF000001FE000001F880B489B0BD
:1030380000AFF860B9607A600023FB610023BB61D0
:1030480000237B617B681B683B61BB68002B42D116
:103058001DE0FB69002B07D1FB681B681A464FF679
:10306800FC731340BB610FE0BB697B61FB681B68A5
:103078001B0C1B04BA6913441A463B6952F82320F7
:103088004FF6FC731340BB61FB690133FB61FB68BE
:103098009B68FA699A42DCD329E0FB69002B07D1C7
:1030A800FB681B681A464FF6FC731340BB610FE0C0
:1030B800BB697B61FB681B681B0C1B04BA69134462
:1030C8001A463B6952F823204FF6FC731340BB6144
:1030D800FB690133FB61FB689B68FA699A4206D277
:1030E800BA684FF6FC731340BA699A42D5D1BB68E7
:1030F800002B08D0BA684FF6FC731340BA699A429D
:1031080001D001232BE07B68FA699A60FB681B6891
:103118001B0C1B047A691A437B685A60FB681B689E
:103128001B0C1B04BA691A437B68DA607B68DB688E
:103138001A463B6952F82330002B0FD07B68DB68B6
:103148001A463B6952F823304FF6FC721A40FB6866
:103158001B681B0C1B041A437B681A610023184662
:103168002437BD465DF8047B7047000080B489B001
:1031780000AF7860396000237B617B683B61C2E106
:103188003B681A6801217B6901FA03F31340FB606D
:103198007B69BB61FB68002B00F0B2817B68554AF4
:1031A80093425DD17B681B68FB6101227B6902FA4F
:1031B80003F3DB43FA691340FB613B685B6803F088
:1031C80001027B6902FA03F3FA691343FB617B6826
:1031D800FA691A60484A7B6952F833303B61464ABB
:1031E8007B69DB0013445B68BB61BB69DA083B6938
:1031F800083253F82230FB61BB6903F007039B00D8
:103208000F2202FA03F3DB43FA691340FB61BB693F
:1032180003F007039B000B2202FA03F3FA69134336
:10322800FB61BB69DA083B690832F96943F8221087
:103238003B691B68FB61BB695B00032202FA03F36D
:10324800DB43FA691340FB61BB695B00022202FAA7
:1032580003F3FA691343FB613B69FA691A6067E093
:103268003B685B68022B03D03B685B68122B45D137
:103278007B69DA087B68083253F82230FB617B6986
:1032880003F007039B000F2202FA03F3DB43FA69FA
:103298001340FB613B681B6903F00F027B6903F075
:1032A80007039B0002FA03F3FA691343FB617B6986
:1032B800DA087B680832F96943F822103B691B6811
:1032C800FB61BB695B00032202FA03F3DB43FA6983
:1032D8001340FB613B685B6803F00302BB695B005A
:1032E80002FA03F3FA691343FB613B69FA691A604E
:1032F8001EE000BF00000246509F00083B691B68A3
:10330800FB61BB695B00032202FA03F3DB43FA6942
:103318001340FB613B685B6803F00302BB695B0019
:1033280002FA03F3FA691343FB613B69FA691A600D
:103338003B685B68012B0BD03B685B68022B07D0AE
:103348003B685B68112B03D03B685B68122B30D15C
:103358003B699B68FB61BB695B00032202FA03F3CC
:10336800DB43FA691340FB613B68DA68BB695B00C1
:1033780002FA03F3FA691343FB613B69FA699A603D
:103388003B695B68FB610122BB6902FA03F3DB431B
:10339800FA691340FB613B685B681B0903F0010293
:1033A800BB6902FA03F3FA691343FB613B69FA69E3
:1033B8005A603B685B68032B07D13B685B68032B4B
:1033C8001BD13B689B68012B17D03B69DB68FB610D
:1033D800BB695B00032202FA03F3DB43FA6913407B
:1033E800FB613B689A68BB695B0002FA03F3FA6900
:1033F8001343FB613B69FA69DA603B685B6803F079
:103408008053002B7CD0474A7B699B08183352F8BD
:103418002330FB617B6903F00303DB000F2202FA10
:1034280003F3DB43FA691340FB617B689A0A3E4B5E
:1034380013407A6902F00302D2009340FA691343F9
:10344800FB6138497B699B081833FA6941F82320E6
:10345800344B1B68FB61FB68DB43FA691340FB6173
:103468003B685B6803F48013002B03D0FA69FB68A0
:103478001343FB612B4AFB6913602A4B5B68FB61B2
:10348800FB68DB43FA691340FB613B685B6803F444
:103498000013002B03D0FA69FB681343FB61214A30
:1034A800FB6953601F4BD3F88430FB61FB68DB4337
:1034B800FA691340FB613B685B6803F40033002B37
:1034C80003D0FA69FB681343FB61164AFB69C2F82B
:1034D8008430144BD3F88030FB61FB68DB43FA6916
:1034E8001340FB613B685B6803F48033002B03D017
:1034F800FA69FB681343FB610A4AFB69C2F880302A
:103508007B6901337B613B681A687B6922FA03F3A4
:10351800002B7FF435AE00BF00BF2437BD465DF8F1
:10352800047B7047002002467F7F2F0080B483B061
:1035380000AF78600B467B8013467B707B78002B4E
:1035480003D07A887B689A6102E07A887B689A62FD
:1035580000BF0C37BD465DF8047B704780B582B06C
:1035680000AF0346FB800F4BDA68FB881340002B43
:1035780006D00C4AFB88D360FB88184600F014F884
:10358800084B1A69FB881340002B06D0054AFB88B4
:103598001361FB88184600F012F800BF0837BD46D3
:1035A80080BD00BF0020024680B483B000AF034650
:1035B800FB8000BF0C37BD465DF8047B704780B4C4
:1035C80083B000AF0346FB8000BF0C37BD465DF8F3
:1035D800047B704780B485B000AF78600023FB732C
:1035E8000B4B1B6803F00103002B02D00123FB7374
:1035F80007E0074B1B6823F0040205497B68134367
:103608000B60FB7B18461437BD465DF8047B70479A
:103618000004034080B400AF054B1B68044A43F024
:103628000103136000231846BD465DF8047B70470C
:103638000004034080B584B000AF78600023FB73BA
:103648007B68002B02D10123FB7341E17B681B6877
:10365800184600F031FC0346864A52F82330002B06
:1036680002D00123FB7333E17868FDF7ADFD824B8F
:103678001B68002B1DD17B681B68804A934223D0AE
:103688007B681B687E4A93421ED07B681B687D4A14
:10369800934219D07B681B687B4A934214D07B689D
:1036A8001B687A4A93420FD07B681B68784A93421A
:1036B8000AD0784B1B68002B40F090807B681B6811
:1036C800754A934240F08A807B681B68724A93422D
:1036D80001D1724B00E0724BBB60BB685B68002B8A
:1036E80002DA0123FB7379E07B681B68634A934223
:1036F80018D07B681B68624A934213D07B681B68AA
:10370800604A93420ED07B681B685F4A934209D097
:103718007B681B685D4A934204D07B681B685C4ADF
:1037280093420DD1BB681B6823F0F002BB681A6096
:10373800BB681A687B685B681B011A43BB681A6020
:10374800BB6800225A60BB685A687B689B68013B6B
:103758001B061A43BB685A607B681B7B012B37D159
:10376800BB685A687B685B69013B19047B681B6905
:1037780019437B681B691B090B431A43BB685A60D2
:103788007B681B7E012B23D17B681B683B4A9342D5
:1037980012D07B681B683A4A93420DD07B681B683D
:1037A800384A934208D07B681B68374A934203D053
:1037B8007B681B68354A9342BB685A687B68D9693D
:1037C8007B681B6A0B43134343F01002BB685A60C3
:1037D800BB685B6843F00102BB685A60FB7B002B47
:1037E80028D17B6893F82430012B23D17B681B6890
:1037F8001B68002B02DA0123FB731BE07B681B6844
:1038080000221A607B681B6819687B681B6B1A02A8
:103818007B689B6A1A437B68DB6A1A437B681B6870
:103828000A431A607B681B681A687B681B6842F049
:1038380001021A60FB7B002B4AD17B681B685A681F
:103848007B681B6822F01F025A607B681B685968F6
:103858007B685A6B7B681B680A435A607B681B68E5
:103868000D4A93421ED10B4B1B680133094A136062
:103878001DE000BFCCFC0020C4FC002080500240AA
:1038880000510240805102400052024080520240E2
:1038980000530240C8FC0020804002460040024617
:1038A800005002400D4B1B6801330C4A13607B68C3
:1038B8001B68184600F000FB024609497B6841F87E
:1038C80022307B6800221A647B68012283F83C203E
:1038D800FB7B18461037BD4680BD00BFC4FC0020E6
:1038E800CCFC002080B586B000AFF860B9607A6083
:1038F8000023FB75BB68002B02D07B68002B02D12C
:103908000123FB75FDE0FB681B68804A934213D1D5
:10391800BB6893F83430012B0ED1BB685B6E102B5B
:1039280007D0BB685B6E302B03D0BB685B6E402B47
:1039380002D10123FB7523E0BB685B6E502B02D1DB
:103948000123FB751CE0FB6893F83C30DBB2012BCC
:1039580002D00123FB7513E0FB681B689B68002BF2
:1039680002DA0123FB750BE0FB681B68674A934288
:1039780006D1FB681B689B6B002B01DA0123FB75E2
:10398800FB7D002B40F0BD80FB681B68604A9342BA
:1039980018D0FB681B685F4A934213D0FB681B680A
:1039A8005D4A93420ED0FB681B685C4A934209D07B
:1039B800FB681B685A4A934204D0FB681B68594A43
:1039C80093420AD1FB681B689B69002B05DABB6828
:1039D8009B683F2B01D90123FB75FB7D002B40F031
:1039E8009080BB681B7E012B07D1FB681B68DA6AD5
:1039F800FB681B6842F40062DA62FB681B68DA6ADB
:103A0800FB681B6842F40072DA62FB681B683F4A75
:103A1800934215D1BB6893F83430012B10D1FB6861
:103A28001B68DA6ABB6893F86030012B02D14FF447
:103A3800405101E04FF48051FB681B680A43DA6289
:103A4800FB681B6802229A60FB689B6B364A1A6601
:103A5800FB689B6B354A5A66FB689B6B344A9A66CF
:103A68007B681B7A012B04D1FB681B687033023317
:103A780002E0FB681B6870333B61FB689B6B1B6D46
:103A880003F08003002B23D0FB689B6B5B6F002B3C
:103A98001BD0FB689B6B5B6F1B687A6852689A60E7
:103AA800FB689B6B5B6F1B683A69DA60FB689B6B12
:103AB8005B6F1B687A6812681A61FB689B6B184613
:103AC800FEF7FEFC0346FB750DE00123FB750AE0DB
:103AD800FB68986B7B681A687B685B683969FEF7D6
:103AE80025F90346FB75FB7D002B06D0FB68FF22FA
:103AF80083F83C200123FB7503E0B968F86800F0FF
:103B08001FFAFB7D18461837BD4680BD8040024627
:103B18008050024000510240805102400052024051
:103B2800805202400053024095420008C1420008FA
:103B3800DD42000880B584B000AF78600023FB73D5
:103B48007B6893F83C30DBB2012B0AD17B681B6899
:103B58009B6803F00043B3F1004F19D00123FB73B6
:103B680016E07B6893F83C30DBB2022B02D00123CD
:103B7800FB730DE07B689B6B1846FEF737F903462D
:103B8800002B05D07B68FF2283F83C200123FB73C0
:103B9800FB7B002B4BD17B681B68274A93420CD1D7
:103BA8007B681B689B6B002B07DA7B681B689A6B2A
:103BB8007B681B6822F001029A637B681B689A681D
:103BC8007B681B6822F001029A607B681B681A4AAE
:103BD800934210D17B681B68DA6A7B681B6822F401
:103BE8006852DA627B681B681A6B7B681B6842F450
:103BF80068521A630FE07B681B68DA6A7B681B6887
:103C080022F42062DA627B681B681A6B7B681B6887
:103C180042F420621A637B681B689A687B681B6899
:103C280022F002029A607B68012283F83C20FB7B29
:103C380018461037BD4680BD8040024680B485B026
:103C480000AFF860B9607A6000BF1437BD465DF810
:103C5800047B704780B483B000AF786000BF0C3736
:103C6800BD465DF8047B704780B483B000AF7860D0
:103C7800396000BF0C37BD465DF8047B704780B5DE
:103C880088B000AF78607B681B68DB6ABB617B68C3
:103C98001B681B6B7B61BA697B6913403B613B699D
:103CA80003F00203002B11D07B681B681A6B7B683A
:103CB8001B6842F002021A637B681B6C43F0010226
:103CC8007B681A647868FDF7FDF8F1E03B6903F05A
:103CD8008003002B11D07B681B681A6B7B681B68FC
:103CE80042F080021A637B681B6C43F001027B6818
:103CF8001A647868FDF7E6F8DAE03B6903F0010337
:103D0800002B0FD07868FDF7B1F87B681B689B68BB
:103D180003F07003102B40F0CB807B68012283F8FE
:103D28003C20C5E03B6903F00403002B0BD07B6803
:103D38001B681A6B7B681B6842F004021A63786878
:103D4800FDF794F8B4E03B6903F40063002B11D04D
:103D58007B681B681A6B7B681B6842F400621A63F5
:103D68007B681B6C43F002027B681A647868FDF775
:103D7800A9F89DE03B6903F48063002B11D07B68B0
:103D88001B681A6B7B681B6842F480621A637B6845
:103D98001B6C43F004027B681A647868FDF792F89C
:103DA80086E03B6903F40073002B11D07B681B6825
:103DB8001A6B7B681B6842F400721A637B681B6C81
:103DC80043F010027B681A647868FDF77BF86FE0AF
:103DD8003B6903F48073002B11D07B681B681A6B56
:103DE8007B681B6842F480721A637B681B6C43F023
:103DF80008027B681A647868FDF764F858E03B6944
:103E080003F01003002B28D07B681B681B6B03F0A2
:103E18006003002B02D10023FB610BE07B681B6869
:103E28001B6B03F02003202B02D10223FB6101E06E
:103E38000123FB617B681B681A6B7B681B6842F077
:103E480010021A637B681B6C43F020027B681A64BB
:103E5800F9697868FFF708FF2AE03B6903F48053A3
:103E6800002B0BD07B681B681A6B7B681B6842F4BD
:103E780080521A637868FFF7EDFE19E03B6903F496
:103E88000053002B14D07B681B681B6CFB607B689D
:103E98001B685B6CBB607B681B681A6B7B681B6864
:103EA80042F400521A63BA68F9687868FFF7C6FEE8
:103EB80000BF2037BD4680BD80B485B000AF7860B4
:103EC8007B68194A934202D10023FB6024E07B6897
:103ED800164A934202D10123FB601DE07B68144A15
:103EE800934202D10223FB6016E07B68114A934299
:103EF80002D10323FB600FE07B680F4A934202D193
:103F08000423FB6008E07B680C4A934202D1052336
:103F1800FB6001E00623FB60FB6818461437BD46CA
:103F28005DF8047B704700BF80500240005102409A
:103F38008051024000520240805202400053024029
:103F480080B485B000AF786039603B685B6E002B49
:103F580003D03B685B6E102B10D17B681B68996897
:103F68003B685A6E3B689B6E1A433B68DB6E1B05C9
:103F78001A437B681B680A439A6015E07B681B68D4
:103F880099683B685A6E3B689B6E1A433B681B6F87
:103F98001A433B685B6F1A433B68DB6E1B051A4389
:103FA8007B681B680A439A607B681B687C4A93425B
:103FB80018D07B681B687B4A934213D07B681B68C8
:103FC800794A93420ED07B681B68784A934209D09D
:103FD8007B681B68764A934204D07B681B68754AE5
:103FE80093420CD13B685B6E502B08D17B681B68F1
:103FF80099683B689A6F7B681B680A439A603B68BC
:104008005B69002B08DA3B685B69103BBB60BB68E7
:1040180003F03F03FB6002E03B685B69FB603B68C1
:104028001A683B689B681A433B68DB68013B1B02C4
:1040380042EA0301FB681A057B681B680A43DA60D9
:104048007B681B683A6852685A627B681B68544AE6
:10405800934218D07B681B68524A934213D07B68FE
:104068001B68514A93420ED07B681B684F4A9342A3
:1040780009D07B681B684E4A934204D07B681B6852
:104088004C4A934204D13B681A697B681B685A639F
:104098007B681B6800221A613B681B7E012B09D1D3
:1040A8007B681B6819693B68DA697B681B680A4387
:1040B8001A6107E07B681B681A697B681B6842F015
:1040C80001021A613B6893F82030012B09D17B6803
:1040D8001B6819693B685A6A7B681B680A431A613E
:1040E80007E07B681B681A697B681B6842F08002DE
:1040F8001A617B681B682A4A934218D07B681B6840
:10410800284A934213D07B681B68274A93420ED0F3
:104118007B681B68254A934209D07B681B68244A40
:10412800934204D07B681B68224A934213D13B68B0
:1041380093F82830012B0AD13B68DB6A013B19014F
:104148003B681A6B7B681B680A435A6103E07B680B
:104158001B6800225A617B681B68174A93426FD11B
:104168003B6893F83430012B62D13B689B6BB3F505
:10417800405F23D03B6893F84030012B1ED13B6849
:104188009A6B3B68DB6B1A433B685B6C1A433B6872
:104198009B6C1A437B681B6842F080029A631CE0A0
:1041A80080500240005102408051024000520240BB
:1041B8008052024000530240804002463B689A6B9E
:1041C8003B68DB6B1A433B685B6C42EA03013B6864
:1041D8009A6C7B681B680A439A633B689B6BB3F5D0
:1041E800805F14D03B68DB6C1A043B681B6D1A4374
:1041F8003B685B6D1A433B689B6D1B0142EA0301F8
:104208003B68DA6D7B681B680A43DA6318E03B6831
:10421800DB6C1A043B681B6D1A433B685B6D42EA12
:1042280003013B68DA6D7B681B680A43DA6307E0C1
:104238007B681B6800229A637B681B680022DA632C
:104248007B68022283F83C207B681B680E4A9342F5
:104258000CD13B6893F83430012B07D17B681B687D
:104268009A6B7B681B6842F001029A637B681B6843
:104278009A687B681B6842F001029A6000BF143795
:10428800BD465DF8047B70478040024680B584B027
:1042980000AF78607B68DB6DFB607B681B6D812BF2
:1042A80003D0FB68012283F83C20F868FCF7DEFDA8
:1042B80000BF1037BD4680BD80B584B000AF7860C0
:1042C8007B68DB6DFB60F868FCF7E6FD00BF103724
:1042D800BD4680BD80B584B000AF78607B68DB6D7B
:1042E800FB60FB681B6C43F04002FB681A64F868CB
:1042F800FCF7E8FD00BF1037BD4680BD80B485B02F
:1043080000AF7860394BDB6B03F44033BB60BA68AD
:104318007B689A420BD17B68B3F5803F05D9334B54
:10432800DB68324A43F48023D360002357E07B687C
:10433800B3F5803F0AD92D4BDB6823F4E0227B6874
:1043480013432A4A43F48023D36007E0274BDB68F2
:1043580023F4E02225497B681343CB60244B1B6878
:10436800244AA2FB03239B09322202FB03F3214ABE
:10437800A2FB03239B090133FB6002E0FB68013BBE
:10438800FB601A4BDB6803F40043002B02D1FB6887
:10439800002BF3D1FB68002B1BD0154B1B68154A6B
:1043A800A2FB03239B09322202FB03F3114AA2FB5F
:1043B80003239B090133FB6002E0FB68013BFB60C0
:1043C8000A4BDB6B03F40043002B02D1FB68002B84
:1043D800F3D1FB68002B01D1032300E0002318462A
:1043E8001437BD465DF8047B704700BF00080246DD
:1043F80000000020D34D621080B400AF044BDB6B8B
:1044080003F440331846BD465DF8047B704700BF8F
:104418000008024680B485B000AF7860224B1B6864
:10442800224AA2FB03239B09322202FB03F31F4A01
:10443800A2FB03239B090133FB607B68002B13D18C
:104448001B4B9B681A4A23F00203936002E0FB6847
:10445800013BFB60164BDB6B03F00203022B16D10A
:10446800FB68002BF3D112E0114B9B68104A43F014
:104478000203936002E0FB68013BFB600C4BDB6BC3
:1044880003F00203002B02D1FB68002BF3D1FB6879
:10449800002B01D1032300E0002318461437BD4642
:1044A8005DF8047B704700BF00000020D34D621008
:1044B8000008024680B400AF054B1B69044A43F06C
:1044C8000053136100BFBD465DF8047B704700BF11
:1044D8000008024680B58EB000AF7860002387F8E8
:1044E80037307B68002B02D1012300F0C8BE994BFE
:1044F800DB6903F00C033B63964B9B6A03F00303F1
:10450800FB627B681B6803F01003002B00F06C81D2
:104518003B6B002B07D03B6B0C2B40F0DE80FB6A1B
:10452800012B40F0DA807B68DB69002B02D1012384
:1045380000F0A5BE7B685A6A864B9B6803F40003AB
:10454800002B04D0834B9B6803F0704305E0814B3C
:10455800D3F8F4301B0403F07043934255D23B6BFD
:10456800002B0AD17B685B6A184601F0D9F903462B
:10457800002B02D0012300F082BE764B9B68754A5F
:1045880043F400039360734B9B6823F070427B688D
:104598005B6A704913438B607B685B6AB3F1404F79
:1045A80009D36C4BDB6823F01F027B681B6A6949DF
:1045B8001343CB607EE07B685B6A002B0ADA654BAD
:1045C800DB6823F478727B681B6A5B0161491343DB
:1045D800CB606FE07B685B6AB3F1804F0AD35D4BB9
:1045E800DB6823F4F8427B681B6A9B025949134332
:1045F800CB605FE0574BDB6823F478227B681B6A4B
:10460800DB0354491343CB6054E0524B9B68514A37
:1046180043F4000393604F4B9B6823F070427B6820
:104628005B6A4C4913438B607B685B6AB3F1404F0C
:1046380009D3484BDB6823F01F027B681B6A454996
:104648001343CB6028E07B685B6A002B0ADA414B96
:10465800DB6823F478727B681B6A5B013D4913436E
:10466800CB6019E07B685B6AB3F1804F0AD3394BA2
:10467800DB6823F4F8427B681B6A9B0235491343C5
:10468800CB6009E0334BDB6823F478227B681B6A34
:10469800DB0330491343CB603B6B002B0AD17B68AB
:1046A8005B6A184601F03CF90346002B02D001234F
:1046B80000F0E5BD01F0DEF8274B1B681846FDF752
:1046C8000BF9034687F8273097F82730002B00F0BE
:1046D8008A8097F8273000F0D2BD7B68DB69002B11
:1046E80066D01C4B1B681B4A43F001031360FDF79F
:1046F8007DF9B86209E0FDF779F90246BB6AD31A79
:10470800022B02D9032300F0BABD124B1B6803F039
:104718000403002BEFD00F4B9B680E4A43F40003B1
:1047280093600C4B9B6823F070427B685B6A094975
:1047380013438B607B685B6AB3F1404F0ED3054B24
:10474800DB6823F01F027B681B6A02491343CB60B6
:104758004AE000BF000C0246040000207B685B6A48
:10476800002B0ADA984BDB6823F478727B681B6AA3
:104778005B0195491343CB6036E07B685B6AB3F114
:10478800804F0AD3904BDB6823F4F8427B681B6A9E
:104798009B028D491343CB6026E08B4BDB6823F4E7
:1047A80078227B681B6ADB0387491343CB601BE0D5
:1047B800854B1B68844A23F001031360FDF716F943
:1047C800B86209E0FDF712F90246BB6AD31A022B58
:1047D80002D9032300F053BD7B4B1B6803F004038D
:1047E800002BEFD100E000BF7B681B6803F00103DA
:1047F800002B00F08B803B6B082B05D03B6B0C2B00
:1048080009D1FB6A032B06D17B685B68002B7DD13D
:10481800012300F034BD7B685B68B3F5803F06D1A7
:10482800694B1B68684A43F48033136041E07B6836
:104838005B68B3F5A02F12D1634B1B68624A43F43F
:1048480080231360604B1B685F4A23F48013136056
:104858005D4B1B685C4A43F48033136029E07B6836
:104868005B68B3F5A81F12D1574B1B68564A43F42F
:1048780080231360544B1B68534A43F4801313601E
:10488800514B1B68504A43F48033136011E04E4B80
:104898001B684D4A23F4803313604B4B1B684A4A0C
:1048A80023F480231360484B1B68474A23F4801382
:1048B80013607B685B68002B14D0FDF797F8B8622B
:1048C80009E0FDF793F80246BB6AD31A642B02D9B4
:1048D800032300F0D4BC3C4B1B6803F40033002BCB
:1048E800EFD013E0FDF782F8B86209E0FDF77EF833
:1048F8000246BB6AD31A642B02D9032300F0BFBC5B
:10490800314B1B6803F40033002BEFD17B681B6825
:1049180003F00203002B5FD03B6B042B05D03B6BED
:104928000C2B14D1FB6A022B11D17B68DB68002B9E
:1049380002D1012300F0A3BC234B1B6923F4F81216
:104948007B681B691B04204913430B6144E07B68A7
:10495800DB68002B24D01C4B1B681B4A43F4807374
:104968001360FDF743F8B86209E0FDF73FF8024627
:10497800BB6AD31A022B02D9032300F080BC124B66
:104988001B6803F48063002BEFD00F4B1B6923F4E3
:10499800F8127B681B691B040B4913430B611BE06E
:1049A800094B1B68084A23F480731360FDF71EF84F
:1049B800B8620BE0FDF71AF80246BB6AD31A022B5D
:1049C80004D9032300F05BBC000C0246AF4B1B6804
:1049D80003F48063002BEDD17B681B6803F00803A8
:1049E800002B00F0C880002387F83630A74BD3F897
:1049F800943003F00403002B11D1A44BD3F8943066
:104A0800A24A43F00403C2F89430A04BD3F8943080
:104A180003F004037B617B69012387F836309C4BE4
:104A28009B6A03F00103002B19D1994B9B6A984AA2
:104A380043F001039362FCF7D9FFB86209E0FCF781
:104A4800D5FF0246BB6AD31A022B02D9032300F012
:104A580016BC8F4B9B6A03F00103002BEFD07B68D9
:104A68005B69002B5FD0894BD3F8F0303B627B68E1
:104A78009A693B6A03F080539A4237D03B6A03F045
:104A88000063002B06D03B6A03F08063002B01D142
:104A98000123F4E33B6A03F08063002B1BD07B4BBC
:104AA800D3F8F030794A23F0A053C2F8F030FCF77D
:104AB8009DFFB86208E0FCF799FF0246BB6AD31A6B
:104AC800052B01D90323DAE3704BD3F8F03003F058
:104AD8000063002BEFD16D4BD3F8F03023F08052F8
:104AE8007B689B6969491343C1F8F030674BD3F879
:104AF800F030664A43F08063C2F8F030FCF776FF86
:104B0800B86208E0FCF772FF0246BB6AD31A052BAD
:104B180001D90323B3E35D4BD3F8F03003F000630E
:104B2800002BEFD01BE0594BD3F8F030574A23F055
:104B3800A053C2F8F030FCF759FFB86208E0FCF760
:104B480055FF0246BB6AD31A052B01D9032396E306
:104B58004E4BD3F8F03003F00063002BEFD197F8F9
:104B68003630012B07D1494BD3F89430474A23F00C
:104B78000403C2F894307B681B6803F00403002B1D
:104B880000F01181002387F83530404BD3F894307A
:104B980003F00403002B11D13C4BD3F894303B4A6B
:104BA80043F00403C2F89430384BD3F8943003F040
:104BB80004033B613B69012387F83530344B9B6A1A
:104BC80003F00103002B18D1314B9B6A304A43F0A4
:104BD80001039362FCF70AFFB86208E0FCF706FFDE
:104BE8000246BB6AD31A022B01D9032347E3284B99
:104BF8009B6A03F00103002BF0D07B689B6803F0ED
:104C08000103002B1FD07B689B6803F00403002B73
:104C180010D01E4BD3F8F0301C4A43F00403C2F8FE
:104C2800F0301A4BD3F8F030184A43F00103C2F8B9
:104C3800F03018E0154BD3F8F030144A43F0010374
:104C4800C2F8F0300FE0114BD3F8F0300F4A23F0E0
:104C58000103C2F8F0300D4BD3F8F0300B4A23F0C3
:104C68000403C2F8F0307B689B68002B57D0FCF730
:104C7800BDFEB8620EE0FCF7B9FE0246BB6AD31A65
:104C880041F28832934205D90323F8E2000C024628
:104C9800000802469C4BD3F8F03003F00203002BC7
:104CA800E9D07B689B6803F08003002B1BD0964BF0
:104CB800D3F8F030944A43F08003C2F8F0300AE0A9
:104CC800FCF794FE0246BB6AD31A41F2883293423B
:104CD80001D90323D3E28C4BD3F8F03003F40063FB
:104CE800002BEDD053E0884BD3F8F030864A23F000
:104CF8008003C2F8F0300AE0FCF778FE0246BB6A8F
:104D0800D31A41F28832934201D90323B7E27E4B8A
:104D1800D3F8F03003F40063002BEDD137E0FCF753
:104D280065FEB8620AE0FCF761FE0246BB6AD31A68
:104D380041F28832934201D90323A0E2724BD3F89F
:104D4800F03003F00203002BEDD16F4BD3F8F030B5
:104D580003F08003002B1AD06B4BD3F8F0306A4A6B
:104D680023F08003C2F8F0300AE0FCF73FFE024669
:104D7800BB6AD31A41F28832934201D903237EE2F7
:104D8800614BD3F8F03003F40063002BEDD197F8B2
:104D98003530012B07D15C4BD3F894305A4A23F0B5
:104DA8000403C2F894307B681B6803F02003002BCF
:104DB80036D07B68DB6A002B19D0534B1B68524AEC
:104DC80043F480531360FCF711FEB86208E0FCF767
:104DD8000DFE0246BB6AD31A022B01D903234EE209
:104DE800494B1B6803F40053002BF0D018E0464BE6
:104DF8001B68454A23F480531360FCF7F7FDB8623B
:104E080008E0FCF7F3FD0246BB6AD31A022B01D96E
:104E1800032334E23C4B1B6803F40053002BF0D10E
:104E28007B681B6803F08003002B36D07B681B6B04
:104E3800002B19D0344B1B68334A43F4804313606A
:104E4800FCF7D4FDB86208E0FCF7D0FD0246BB6A67
:104E5800D31A022B01D9032311E22B4B1B6803F44D
:104E68000043002BF0D018E0274B1B68264A23F498
:104E780080431360FCF7BAFDB86208E0FCF7B6FDA2
:104E88000246BB6AD31A022B01D90323F7E11E4B52
:104E98001B6803F40043002BF0D17B681B6803F008
:104EA8004003002B7FD07B685B6B002B62D0164BD6
:104EB8009B68154A43F400039360134B9B6823F0E7
:104EC80070627B689B6A104913438B607B685B6ADE
:104ED800B3F1404F09D30C4BDB6823F01F027B680A
:104EE8001B6A09491343CB602AE07B685B6A002B85
:104EF8000CDA054BDB6823F478727B681B6A5B016C
:104F080001491343CB601BE0000C02467B685B6AD7
:104F1800B3F1804F0AD3A14BDB6823F4F8427B68D6
:104F28001B6A9B029D491343CB6009E09B4BDB68DE
:104F380023F478227B681B6ADB0398491343CB6010
:104F4800964B1B68954A43F010031360FCF74EFD1F
:104F5800B86208E0FCF74AFD0246BB6AD31A022B86
:104F680001D903238BE18D4B1B6803F02003002B31
:104F7800F0D018E0894B1B68884A23F010031360AF
:104F8800FCF734FDB86208E0FCF730FD0246BB6A66
:104F9800D31A022B01D9032371E1804B1B6803F05C
:104FA8002003002BF0D17B689B6B002B00F06681FF
:104FB800002387F83430794BDB6903F00C030C2BA2
:104FC80000F0F2807B689B6B022B40F0C580734B2E
:104FD8001B68724A23F080731360FCF707FDB86200
:104FE80008E0FCF703FD0246BB6AD31A022B01D97D
:104FF800032344E1694B1B6803F00073002BF0D1D5
:10500800664BD3F8943003F00403002B11D1634BA3
:10501800D3F89430614A43F00403C2F894305F4BEC
:10502800D3F8943003F00403FB60FB68012387F88E
:1050380034305B4BDB6803F48023B3F5802F02D157
:10504800012387F83730564BDB68554A23F4802311
:10505800D360524B9B6A23F47F4323F003037A689F
:10506800D16B7A68126C013A120211437A68526C59
:105078000A434A4913438B62484B5A6B494B1340C6
:105088007A68926C013AC2F308017A68D26C013AE4
:10509800520292B211437A68126D013A120402F474
:1050A800FE0211437A68526D013A120602F0FE427E
:1050B8000A433A4913434B63384B9B6A374A23F0F8
:1050C800100393627B68DB6D344ADB009363334BD8
:1050D8009B6A324A43F010039362304B9B6A23F079
:1050E8000C027B689B6D2D4913438B6297F8373010
:1050F800012B05D12A4BDB68294A43F48023D3606E
:1051080097F83430012B07D1244BD3F89430234A35
:1051180023F00403C2F89430204B1B681F4A43F065
:1051280080731360FCF762FCB86208E0FCF75EFC71
:105138000246BB6AD31A022B01D903239FE0174BFF
:105148001B6803F00073002BF0D0144B9B6A134AC2
:1051580043F48023936291E0104B1B680F4A23F0BD
:1051680080731360FCF742FCB86208E0FCF73EFC71
:105178000246BB6AD31A022B01D903237FE0074BEF
:105188001B6803F00073002BF0D1044B9B6A034AA1
:1051980023F4E02323F0030393626FE0000C02463C
:1051A8000008024600008080374B9B6AFB61364B43
:1051B8005B6BBB617B689B6B012B39D0FB6903F090
:1051C80003027B68DB6B9A4232D1FB691B0A03F04E
:1051D8000F027B681B6C013B9A4229D1FB6903F4DF
:1051E80070427B685B6C9A4222D1BB69C3F30802A8
:1051F8007B689B6C013B9A421AD1BB695B0A03F03E
:105208007F027B68DB6C013B9A4211D1BB691B0CA6
:1052180003F07F027B681B6D013B9A4208D1BB6992
:105228001B0E03F07F027B685B6D013B9A4201D045
:10523800012324E0144B9B6BDB08C3F30C027B684F
:10524800DB6D9A421AD0104B9B6A0F4A23F0100369
:105258009362FCF7CBFBB86200BFFCF7C7FB0246C2
:10526800BB6A9342F9D07B68DB6D074ADB00936326
:10527800054B9B6A044A43F01003936200231846C7
:105288003837BD4680BD00BF000C024680B586B0E9
:1052980000AF786039607B68002B01D10123D9E128
:1052A8009B4B1B6803F00F033A689A4210D9984B3E
:1052B8001B6823F00F0296493B6813430B60944B1D
:1052C8001B6803F00F033A689A4201D00123C1E139
:1052D8007B681B6803F01003002B10D07B685A69A9
:1052E8008C4B5B6A03F070039A4208D9894B5B6A5E
:1052F80023F070027B685B69864913434B627B68C5
:105308001B6803F00803002B12D07B681A69814BD5
:105318001B6A1B0903F070039A4209D97D4B1B6A6B
:1053280023F4E0627B681B691B017A4913430B6213
:105338007B681B6803F00403002B10D07B68DA68D5
:10534800744B1B6A03F070039A4208D9714B1B6AAD
:1053580023F070027B68DB686E4913430B627B683D
:105368001B6803F00203002B10D07B689A68694B16
:105378001B6A03F00F039A4208D9664B1B6A23F095
:105388000F027B689B68634913430B627B681B6849
:1053980003F00103002B00F0D2800023FB757B682B
:1053A8005B68032B43D15B4BD3F8943003F00403C1
:1053B800002B10D1574BD3F89430564A43F00403CE
:1053C800C2F89430534BD3F8943003F00403BB6015
:1053D800BB680123FB75FCF709FB38614E4BDB68A2
:1053E80003F48023002B0FD008E0FCF7FFFA0246F5
:1053F8003B69D31A022B01D903232BE1464BDB6807
:1054080003F48043002BF0D0FB7D012B07D1414BE7
:10541800D3F894303F4A23F00403C2F894303D4B4C
:105428001B6803F00073002B21D1012312E17B6874
:105438005B68022B07D1374B1B6803F40033002B42
:1054480015D1012306E17B685B68002B07D1314B3E
:105458001B6803F00403002B09D10123FAE02D4B4C
:105468001B6803F48063002B01D10123F2E0294B70
:10547800DB6923F003027B685B6826491343CB6131
:10548800FCF7B4FA38617B685B68032B12D10AE039
:10549800FCF7ACFA02463B69D31A41F288329342D0
:1054A80001D90323D6E01B4BDB6903F00C030C2B5B
:1054B800EED144E07B685B68022B12D10AE0FCF76E
:1054C80095FA02463B69D31A41F28832934201D9D0
:1054D8000323BFE00F4BDB6903F00C03082BEED16D
:1054E8002DE07B685B68002B23D10AE0FCF77EFA8D
:1054F80002463B69D31A41F28832934201D9032309
:10550800A8E0044BDB6903F00C03002BEED116E096
:1055180000200240000C024600080246FCF766FA2A
:1055280002463B69D31A41F28832934201D90323D8
:1055380090E04A4BDB6903F00C03042BEED17B6847
:105548001B6803F00203002B10D07B689A68434B5A
:105558001B6A03F00F039A4208D2404B1B6A23F0E0
:105568000F027B689B683D4913430B623C4B1B68E9
:1055780003F00F033A689A4210D2394B1B6823F0A4
:105588000F0237493B6813430B60354B1B6803F028
:105598000F033A689A4201D001235BE07B681B68DD
:1055A80003F00403002B10D07B68DA682B4B1B6ACE
:1055B80003F070039A4208D2284B1B6A23F070024A
:1055C8007B68DB68254913430B627B681B6803F023
:1055D8000803002B12D07B681A69204B1B6A1B0931
:1055E80003F070039A4209D21C4B1B6A23F4E06251
:1055F8007B681B691B01194913430B627B681B6895
:1056080003F01003002B10D07B685A69134B5B6AB8
:1056180003F070039A4208D2104B5B6A23F07002C1
:105628007B685B690D4913434B6200F021F8024621
:105638000A4B1B6A03F00F030A49CB5C22FA03F3F7
:10564800094A1360094B1B681846FCF745F90346DD
:10565800FB73FB7B18461837BD4680BD000C02461D
:1056680000200240F89E00080000002004000020EE
:1056780080B48BB000AF00237B6200233B62784B81
:10568800DB6903F00C03BB61754B9B6A03F00303F2
:105698007B61BB69002B05D0BB690C2B21D17B69D1
:1056A800012B1ED16E4B9B6803F40003002B07D11E
:1056B8006B4BD3F8F4301B0B03F00F037B6205E050
:1056C800674B9B681B0F03F00F037B62654A7B6A7D
:1056D80052F823307B62BB69002B10D17B6A3B6296
:1056E8000DE05F4BDB6903F00C03042B02D15E4B2A
:1056F8003B6204E0BB69082B01D15B4B3B62BB6991
:105708000C2B40F0A580564B9B6A03F003033B61CA
:10571800534B9B6A1B0A03F00F030133FB60504B8A
:105728009B6A1B0903F00103BB604D4B9B6BDB08B5
:10573800C3F30C03BA6802FB03F307EE903AF8EEE2
:10574800677AC7ED017A3B69022B03D03B69032BCB
:1057580022D043E0FB6807EE903AF8EE677ADFED77
:10576800436A86EEA77A3E4B5B6BC3F3080307EEEA
:10577800903AF8EE676A97ED016ADFED3D5AC6EE9A
:10578800257A76EEA77AF7EE006A77EEA67A67EEC4
:10579800277AC7ED077A46E0FB6807EE903AF8EEFD
:1057A800677ADFED326A86EEA77A2D4B5B6BC3F31F
:1057B800080307EE903AF8EE676A97ED016ADFEDA5
:1057C8002C5AC6EE257A76EEA77AF7EE006A77EEBF
:1057D800A67A67EE277AC7ED077A24E07B6A07EE98
:1057E800903AF8EE676AFB6807EE903AF8EE677A47
:1057F80086EEA77A1A4B5B6BC3F3080307EE903A61
:10580800F8EE676A97ED016ADFED195AC6EE257A58
:1058180076EEA77AF7EE006A77EEA67A67EE277A31
:10582800C7ED077A00BF0E4B5B6B1B0E03F07F03BF
:1058380001333B603B6807EE903AB8EE677AD7EDE4
:10584800076AC6EE877AFCEEE77A17EE903A3B6273
:105858003B6A18462C37BD465DF8047B704700BF8D
:10586800000C0246109F00080024F4000024744B2A
:105878000000004680B500AFFFF7FAFE0246074B6E
:105888001B6A03F00F030649CB5C22FA03F3054AAF
:105898001360044B1B68184680BD00BF000C02460D
:1058A800F89E00080000002080B500AFFFF7E2FF77
:1058B8000246054B1B6A1B0903F007030349CB5C2F
:1058C80022FA03F3184680BD000C0246089F000820
:1058D80080B500AFFFF7CEFF0246054B1B6A1B0AD7
:1058E80003F007030349CB5C22FA03F3184680BD93
:1058F800000C0246089F000880B500AFFFF7BAFF0A
:105908000246054B5B6A1B0903F007030349CB5C9E
:1059180022FA03F3184680BD000C0246089F0008CF
:1059280080B586B000AF78603E4BD3F8943003F072
:105938000403002B03D0FEF75FFD786119E0394BB3
:10594800D3F89430374A43F00403C2F89430354B07
:10595800D3F8943003F00403FB60FB68FEF74CFDBA
:105968007861304BD3F894302E4A23F00403C2F800
:1059780094307B69B3F5403F03D07B69B3F5003FB2
:1059880009D17B68B3F1805F02D201233B6133E028
:1059980000233B6130E07B68B3F1805F08D27B690C
:1059A800B3F5803F02D103233B6125E0012335E0B5
:1059B8007B68B3F1005F0FD97B69002B09D17B6845
:1059C800B3F1405F02D900233B6115E001233B613D
:1059D80012E000233B610FE07B68B3F1805F09D1DF
:1059E8007B69B3F5803F02D101233B6104E00223C8
:1059F8003B6101E001233B610B4B1B6823F00F0265
:105A080009493B6913430B60074B1B6803F00F03FD
:105A18003A699A4201D0012300E00023184618375A
:105A2800BD4680BD000C0246002002402DE9B04F63
:105A3800BAB000AFC7F8D400002387F8E3300023DA
:105A480087F8E230D7F8D430D3E9002302F0010414
:105A5800002554EA05030BD0CB4BD3F8E03023F0F4
:105A68000301D7F8D4301B6DC74A0B43C2F8E030A6
:105A7800D7F8D430D3E9002302F002084FF0000928
:105A880058EA09030BD0C04BD3F8E03023F00C01DF
:105A9800D7F8D4305B6DBC4A0B43C2F8E030D7F876
:105AA800D430D3E9002302F0040A4FF0000B5AEA7D
:105AB8000B030BD0B44BD3F8E03023F03001D7F808
:105AC800D4309B6DB04A0B43C2F8E030D7F8D430DD
:105AD800D3E9002302F00803C7F8C8300023C7F849
:105AE800CC30D7E932120B4613430BD0A64BD3F870
:105AF800E03023F0C001D7F8D430DB6DA24A0B4365
:105B0800C2F8E030D7F8D430D3E9002302F010030C
:105B1800C7F8C0300023C7F8C430D7E930120B46A5
:105B280013430BD0984BD3F8E03023F44071D7F8E7
:105B3800D4301B6E944A0B43C2F8E030D7F8D43007
:105B4800D3E9002302F02003C7F8B8300023C7F8D0
:105B5800BC30D7E92E120B4613430BD08A4BD3F82F
:105B6800E83023F00701D7F8D4305B6E864A0B4340
:105B7800C2F8E830D7F8D430D3E9002302F0400364
:105B8800C7F8B0300023C7F8B430D7E92C120B4659
:105B980013430BD07C4BD3F8E03023F44061D7F8A3
:105BA800D4309B6E784A0B43C2F8E030D7F8D43033
:105BB800D3E9002302F08003C7F8A8300023C7F810
:105BC800AC30D7E92A120B4613430BD06E4BD3F8EF
:105BD800E03023F44051D7F8D430DB6E6A4A0B43E7
:105BE800C2F8E030D7F8D430D3E9002302F4807348
:105BF800C7F8A0300023C7F8A430D7E928120B460D
:105C080013430BD0604BD3F8E83023F0C001D7F82A
:105C1800D4301B6F5C4A0B43C2F8E830D7F8D43055
:105C2800D3E9002302F48003C7F898300023C7F8AB
:105C38009C30D7E926120B4613430BD0524BD3F8AE
:105C4800E03023F44041D7F8D4305B6F4E4A0B4321
:105C5800C2F8E030D7F8D430D3E9002302F4007357
:105C6800C7F890300023C7F89430D7E924120B46C0
:105C780013430BD0444BD3F8E83023F44061D7F8F2
:105C8800D4309B6F404A0B43C2F8E830D7F8D43081
:105C9800D3E9002302F48063C7F888300023C7F8EB
:105CA8008C30D7E922120B4613430BD0364BD3F86E
:105CB800E03023F44021D7F8D430DB6F324A0B436D
:105CC800C2F8E030D7F8D430D3E9002302F40063F7
:105CD800C7F880300023C7F88430D7E920120B4674
:105CE80013430CD0284BD3F8E83023F44071D7F88D
:105CF800D430D3F88030244A0B43C2F8E830D7F8C0
:105D0800D430D3E9002302F40053BB670023FB67B8
:105D1800D7E91E120B4613434FD0D7F8D430D3F827
:105D28009030802B2DD0802B27D8602B2ED0602B45
:105D380023D8402B06D0402B1FD8002B09D0202B6E
:105D480011D01AE0104B9B6A0F4A43F480339362D8
:105D58001DE0D7F8D4300833184602F017FA034686
:105D680087F8E33013E0D7F8D4302C33184602F024
:105D7800A5FA034687F8E33009E0012387F8E33002
:105D880005E000BF03E000BF000C024600BF97F823
:105D9800E330002B0DD1B64BD3F8E43023F0E0010B
:105DA800D7F8D430D3F89030B14A0B43C2F8E43076
:105DB80003E097F8E33087F8E230D7F8D430D3E936
:105DC800002302F480433B6700237B67D7E91C125A
:105DD8000B46134353D0D7F8D430D3F89430B3F5E7
:105DE800806F33D0B3F5806F2CD8B3F5407F2FD0B8
:105DF800B3F5407F26D8B3F5007F08D0B3F5007F10
:105E080020D8002B0AD0B3F5807F11D01AE0984B28
:105E18009B6A974A43F4803393621AE0D7F8D430E8
:105E28000833184602F0B2F9034687F8E33010E069
:105E3800D7F8D4302C33184602F040FA034687F8D6
:105E4800E33006E0012387F8E33002E000BF00E01A
:105E580000BF97F8E330002B0DD1854BD3F8E43021
:105E680023F4E061D7F8D430D3F89430804A0B4358
:105E7800C2F8E43003E097F8E33087F8E230D7F867
:105E8800D430D3E9002302F40043BB660023FB6649
:105E9800D7E91A120B46134346D0D7F8D430D3F8B3
:105EA800A830B3F5A04F28D0B3F5A04F21D8B3F54B
:105EB800804F22D0B3F5804F1BD8B3F5405F1CD07C
:105EC800B3F5405F15D8B3F5005F08D0B3F5005FB0
:105ED8000FD8002B11D0B3F5805F0ED009E0D7F8AA
:105EE800D4300833184602F051F9034687F8E330F6
:105EF80004E0012387F8E33000E000BF97F8E330BF
:105F0800002B0DD15A4BD3F8E83023F4E041D7F8F1
:105F1800D430D3F8A830564A0B43C2F8E83003E02F
:105F280097F8E33087F8E230D7F8D430D3E9002384
:105F380002F480333B6600237B66D7E918120B46D0
:105F480013433FD0D7F8D430D3F88830042B1ED869
:105F580001A252F823F000BF9F5F0008755F000898
:105F6800835F00089F5F00089F5F0008404B9B6AA3
:105F78003F4A43F4803393620EE0D7F8D4302C3391
:105F8800184602F09BF9034687F8E33004E0012342
:105F980087F8E33000E000BF97F8E330002B0DD11D
:105FA800334BD3F8E43023F00701D7F8D430D3F8D3
:105FB80088302F4A0B43C2F8E43003E097F8E33007
:105FC80087F8E230D7F8D430D3E9002302F400335D
:105FD800BB650023FB65D7E916120B4613434DD06A
:105FE800D7F8D430D3F88C30B3F5802F28D0B3F558
:105FF800802F21D8B3F5403F24D0B3F5403F1BD8BC
:10600800B3F5003F0ED0B3F5003F15D8002B1BD0D9
:10601800B3F5803F10D1164B9B6A154A43F4803381
:10602800936212E0D7F8D4302C33184602F046F9C0
:10603800034687F8E33008E0012387F8E33004E0FB
:1060480000BF02E000BF00E000BF97F8E330002B7C
:1060580010D1074BD3F8E83023F4E021D7F8D43037
:10606800D3F88C30024A0B43C2F8E83006E000BF90
:10607800000C024697F8E33087F8E230D7F8D430BE
:10608800D3E9002302F480233B6500237B65D7E92D
:1060980014120B46134300F0B580002387F8E13053
:1060A8009D4BD3F8943003F00403002B13D19A4B83
:1060B800D3F89430984A43F00403C2F89430964BCE
:1060C800D3F8943003F00403C7F8D830D7F8D830A1
:1060D800012387F8E130914B9B6A904A43F0010312
:1060E8009362FBF783FCC7F8DC000BE0FBF77EFC50
:1060F8000246D7F8DC30D31A022B03D9032387F8DA
:10610800E33005E0854B9B6A03F00103002BEDD0DB
:1061180097F8E330002B65D17F4BD3F8F03003F4C8
:106128004073C7F8E430D7F8E430002B23D0D7F811
:10613800D430D3F8C020D7F8E43093421BD0764B44
:10614800D3F8F03023F44073C7F8E430724BD3F837
:10615800F030714A43F48033C2F8F0306E4BD3F814
:10616800F0306D4A23F48033C2F8F0306A4AD7F829
:10617800E430C2F8F030D7F8E43003F00103002B24
:1061880019D0FBF733FCC7F8DC000DE0FBF72EFC59
:106198000246D7F8DC30D21A41F288339A4203D942
:1061A800032387F8E33006E05B4BD3F8F03003F0C5
:1061B8000203002BEAD097F8E330002B0DD1564BA1
:1061C800D3F8F03023F44071D7F8D430D3F8C03086
:1061D800514A0B43C2F8F03008E097F8E33087F8EB
:1061E800E23003E097F8E33087F8E23097F8E130DF
:1061F800012B07D1484BD3F89430474A23F00403C6
:10620800C2F89430D7F8D430D3E9002302F48013CD
:10621800BB640023FB64D7E912120B46134342D038
:10622800D7F8D430D3F8A030B3F1406F22D0B3F10F
:10623800406F1BD8B3F1006F11D0B3F1006F15D8C0
:10624800002B19D0B3F1806F10D1D7F8D4300833B0
:10625800184601F09BFF034687F8E3300DE02E4B0C
:106268009B6A2D4A43F40033936206E0012387F8C2
:10627800E33002E000BF00E000BF97F8E330002BF6
:106288000DD1254BD3F8E03023F04061D7F8D43056
:10629800D3F8A030204A0B43C2F8E03003E097F867
:1062A800E33087F8E230D7F8D430D3E9002302F49A
:1062B80000233B6400237B64D7E910120B46134389
:1062C80032D0D7F8D430D3F89830B3F5005F0BD07C
:1062D800B3F5005F04D8002B08D0B3F5805F07D072
:1062E800012387F8E33004E000BF02E000BF00E0CC
:1062F80000BF97F8E330002B12D1074BD3F8E430F6
:1063080023F44051D7F8D430D3F89830024A0B43DD
:10631800C2F8E43008E000BF000C0246000802465C
:1063280097F8E33087F8E230D7F8D430D3E9002380
:1063380002F48053BB630023FB63D7E90E120B46BC
:1063480013430CD0984BD3F8E43023F40061D7F80A
:10635800D430D3F89C30944A0B43C2F8E430D7F8D1
:10636800D430D3E9002302F400133B6300237B639A
:10637800D7E90C120B46134319D0D7F8D430D3F809
:10638800A430B3F5804F05D1874B9B6A864A43F406
:1063980080339362844BD3F8E43023F48041D7F8F8
:1063A800D430D3F8A430804A0B43C2F8E430D7F88D
:1063B800D430D3E9002302F40003BB620023FB625C
:1063C800D7E90A120B4613430CD0774BD3F8E030C9
:1063D80023F44012D7F8D430D3F8B43072491343B9
:1063E800C1F8E030D7F8D430D3E9002302F0807345
:1063F8003B6200237B62D7E908120B4613430CD09B
:10640800694BD3F8E03023F44032D7F8D430D3F8CE
:10641800B83065491343C1F8E030D7F8D430D3E930
:10642800002302F00073BB610023FB61D7E9061269
:106438000B4613430CD05C4BD3F8E83023F018021A
:10644800D7F8D430D3F8BC3057491343C1F8E830F3
:10645800D7F8D430D3E9002302F080633B610023EE
:106468007B61D7E904120B46134332D0D7F8D430F6
:10647800D3F8B030B3F5001F05D14B4B9B6A4A4A9D
:1064880043F400339362D7F8D430D3F8B030B3F57F
:10649800401F08D1D7F8D4300833184601F076FEEB
:1064A800034687F8E33097F8E330002B0DD13E4BD5
:1064B800D3F8E43023F44012D7F8D430D3F8B0300E
:1064C80039491343C1F8E43003E097F8E33087F81B
:1064D800E230D7F8D430D3E9002302F00063BB6080
:1064E8000023FB60D7E902120B4613433AD0D7F8D2
:1064F800D430D3F88430B3F1007F0ED0B3F1007FED
:1065080015D8002B17D0B3F1807F10D1264B9B6A8A
:10651800254A43F4003393620EE0D7F8D4300833A9
:10652800184601F033FE034687F8E33004E0012300
:1065380087F8E33000E000BF97F8E330002B0DD177
:10654800194BD3F8E03023F04072D7F8D430D3F8A1
:10655800843015491343C1F8E03003E097F8E3307D
:1065680087F8E230D7F8D430D3E9002302F080531B
:106578003B6000237B60D7E900120B4613430CD025
:10658800094BD3F8E83023F40042D7F8D430D3F8D5
:10659800AC3005491343C1F8E83097F8E2301846A3
:1065A800E837BD46BDE8B08F000C024680B489B01C
:1065B80000AF7860A64B5B6BC3F30803BB61A44BC9
:1065C8009B6A03F003037B61A14B9B6A1B0A03F0E0
:1065D8000F0301333B619E4B9B6A1B0903F00103C8
:1065E800FB609B4B9B6BDB08C3F30C03FA6802FB55
:1065F80003F307EE903AF8EE677AC7ED027A7B6903
:10660800032B62D07B69032B00F281807B69012B0D
:1066180024D07B69022B7AD13B6907EE903AF8EED9
:10662800677ADFED8C6A86EEA77A894B5B6BC3F3DA
:10663800080307EE903AF8EE676A97ED026ADFED15
:10664800865AC6EE257A76EEA77AF7EE006A77EED6
:10665800A67A67EE277AC7ED077A8FE07C4B9B68AE
:1066680003F40003002B05D0794B9B681B0F03F044
:106678000F0306E0764BD3F8F4301B041B0F03F02E
:106688000F03764A52F8233007EE903AF8EE676A1D
:106698003B6907EE903AF8EE677A86EEA77ABB690F
:1066A80007EE903AF8EE676A97ED026ADFED6A5AEC
:1066B800C6EE257A76EEA77AF7EE006A77EEA67A26
:1066C80067EE277AC7ED077A58E03B6907EE903AFC
:1066D800F8EE677ADFED5F6A86EEA77A5C4B5B6B54
:1066E800C3F3080307EE903AF8EE676A97ED026A7B
:1066F800DFED595AC6EE257A76EEA77AF7EE006AEC
:1067080077EEA67A67EE277AC7ED077A36E0504B20
:106718009B6803F40003002B05D04D4B9B681B0FAF
:1067280003F00F0306E04A4BD3F8F4301B041B0FA9
:1067380003F00F03494A52F8233007EE903AF8EE77
:10674800676A3B6907EE903AF8EE677A86EEA77AB1
:10675800BB6907EE903AF8EE676A97ED026ADFEDDB
:106768003E5AC6EE257A76EEA77AF7EE006A77EEFD
:10677800A67A67EE277AC7ED077A00BF344B9B6A83
:1067880003F48033002B17D0314B5B6B5B0A03F0AB
:106798007F0307EE903AF8EE677AB7EE007A37EEA5
:1067A800877AD7ED076AC6EE877AFCEEE77A17EEA6
:1067B800902A7B681A6002E07B6800221A60244BEA
:1067C8009B6A03F40033002B17D0214B5B6B1B0C27
:1067D80003F07F0307EE903AF8EE677AB7EE007A97
:1067E80037EE877AD7ED076AC6EE877AFCEEE77A46
:1067F80017EE902A7B685A6002E07B6800225A6094
:10680800134B9B6A03F48023002B17D0104B5B6B50
:106818001B0E03F07F0307EE903AF8EE677AB7EEA7
:10682800007A37EE877AD7ED076AC6EE877AFCEEEC
:10683800E77A17EE902A7B689A6002E07B6800226C
:106848009A6000BF2437BD465DF8047B704700BFDF
:10685800000C02460024744B00000046109F0008FC
:1068680080B489B000AF7860A64BDB6BC3F3080334
:10687800BB61A44BDB6A03F003037B61A14BDB6ABA
:106888001B0A03F00F0301333B619E4BDB6A1B09B4
:1068980003F00103FB609B4B1B6CDB08C3F30C0389
:1068A800FA6802FB03F307EE903AF8EE677AC7ED51
:1068B800027A7B69032B62D07B69032B00F281800B
:1068C8007B69012B24D07B69022B7AD13B6907EEC7
:1068D800903AF8EE677ADFED8C6A86EEA77A894BF4
:1068E800DB6BC3F3080307EE903AF8EE676A97ED9F
:1068F800026ADFED865AC6EE257A76EEA77AF7EEBB
:10690800006A77EEA67A67EE277AC7ED077A8FE0F6
:106918007C4B9B6803F40003002B05D0794B9B68E4
:106928001B0F03F00F0306E0764BD3F8F4301B047B
:106938001B0F03F00F03764A52F8233007EE903A04
:10694800F8EE676A3B6907EE903AF8EE677A86EEEA
:10695800A77ABB6907EE903AF8EE676A97ED026A84
:10696800DFED6A5AC6EE257A76EEA77AF7EE006A68
:1069780077EEA67A67EE277AC7ED077A58E03B6983
:1069880007EE903AF8EE677ADFED5F6A86EEA77A4F
:106998005C4BDB6BC3F3080307EE903AF8EE676ACB
:1069A80097ED026ADFED595AC6EE257A76EEA77A98
:1069B800F7EE006A77EEA67A67EE277AC7ED077AD0
:1069C80036E0504B9B6803F40003002B05D04D4B79
:1069D8009B681B0F03F00F0306E04A4BD3F8F43013
:1069E8001B041B0F03F00F03494A52F8233007EE2C
:1069F800903AF8EE676A3B6907EE903AF8EE677AE4
:106A080086EEA77ABB6907EE903AF8EE676A97EDCB
:106A1800026ADFED3E5AC6EE257A76EEA77AF7EEE1
:106A2800006A77EEA67A67EE277AC7ED077A00BF85
:106A3800344BDB6A03F48033002B17D0314BDB6B0C
:106A48005B0A03F07F0307EE903AF8EE677AB7EE39
:106A5800007A37EE877AD7ED076AC6EE877AFCEEBA
:106A6800E77A17EE902A7B681A6002E07B680022BA
:106A78001A60244BDB6A03F40033002B17D0214B38
:106A8800DB6B1B0C03F07F0307EE903AF8EE677A96
:106A9800B7EE007A37EE877AD7ED076AC6EE877ABF
:106AA800FCEEE77A17EE902A7B685A6002E07B6872
:106AB80000225A60134BDB6A03F48023002B17D0A3
:106AC800104BDB6B1B0E03F07F0307EE903AF8EEDA
:106AD800677AB7EE007A37EE877AD7ED076AC6EE9F
:106AE800877AFCEEE77A17EE902A7B689A6002E0D4
:106AF8007B6800229A6000BF2437BD465DF8047B9E
:106B0800704700BF000C02460024744B000000468A
:106B1800109F000880B489B000AF7860A64B5B6C0A
:106B2800C3F30803BB61A44B1B6B03F003037B6136
:106B3800A14B1B6B1B0A03F00F0301333B619E4BF8
:106B48001B6B1B0903F00103FB609B4B9B6CDB0871
:106B5800C3F30C03FA6802FB03F307EE903AF8EE6E
:106B6800677AC7ED027A7B69032B62D07B69032BB6
:106B780000F281807B69012B24D07B69022B7AD1BA
:106B88003B6907EE903AF8EE677ADFED8C6A86EE9D
:106B9800A77A894B5B6CC3F3080307EE903AF8EECB
:106BA800676A97ED026ADFED865AC6EE257A76EEB9
:106BB800A77AF7EE006A77EEA67A67EE277AC7ED2E
:106BC800077A8FE07C4B9B6803F40003002B05D009
:106BD800794B9B681B0F03F00F0306E0764BD3F845
:106BE800F4301B041B0F03F00F03764A52F82330CE
:106BF80007EE903AF8EE676A3B6907EE903AF8EECE
:106C0800677A86EEA77ABB6907EE903AF8EE676A6C
:106C180097ED026ADFED6A5AC6EE257A76EEA77A14
:106C2800F7EE006A77EEA67A67EE277AC7ED077A5D
:106C380058E03B6907EE903AF8EE677ADFED5F6A55
:106C480086EEA77A5C4B5B6CC3F3080307EE903AB9
:106C5800F8EE676A97ED026ADFED595AC6EE257AB3
:106C680076EEA77AF7EE006A77EEA67A67EE277ACD
:106C7800C7ED077A36E0504B9B6803F40003002BFE
:106C880005D04D4B9B681B0F03F00F0306E04A4BE2
:106C9800D3F8F4301B041B0F03F00F03494A52F8D2
:106CA800233007EE903AF8EE676A3B6907EE903AB0
:106CB800F8EE677A86EEA77ABB6907EE903AF8EEA7
:106CC800676A97ED026ADFED3E5AC6EE257A76EEE0
:106CD800A77AF7EE006A77EEA67A67EE277AC7ED0D
:106CE800077A00BF344B1B6B03F48033002B17D09B
:106CF800314B5B6C5B0A03F07F0307EE903AF8EECA
:106D0800677AB7EE007A37EE877AD7ED076AC6EE6C
:106D1800877AFCEEE77A17EE902A7B681A6002E021
:106D28007B6800221A60244B1B6B03F40033002B92
:106D380017D0214B5B6C1B0C03F07F0307EE903AD6
:106D4800F8EE677AB7EE007A37EE877AD7ED076AFA
:106D5800C6EE877AFCEEE77A17EE902A7B685A60CF
:106D680002E07B6800225A60134B1B6B03F48023FC
:106D7800002B17D0104B5B6C1B0E03F07F0307EE44
:106D8800903AF8EE677AB7EE007A37EE877AD7ED61
:106D9800076AC6EE877AFCEEE77A17EE902A7B68D8
:106DA8009A6002E07B6800229A6000BF2437BD46E3
:106DB8005DF8047B704700BF000C02460024744B4A
:106DC80000000046109F000880B58EB000AFC7E9EC
:106DD8000001D7E90023A2F580210B4345D1A74B39
:106DE800D3F8F03003F440733B63A44BD3F8F0308E
:106DF80003F00203022B08D13B6BB3F5807F04D16B
:106E08004FF400437B6301F0B3B99C4BD3F8F030E7
:106E180003F00063B3F1006F14D13B6BB3F5007F4F
:106E280010D1964BD3F8F03003F08053B3F1805F64
:106E380003D1FA237B6301F09BB94FF4FA437B63D8
:106E480001F096B98D4B1B6803F40033B3F5003F8E
:106E580007D13B6BB3F5407F03D1894B7B6301F0CE
:106E680087B900237B6301F083B9D7E90023A2F532
:106E780000510B4351D1814BD3F8E43003F0E003C8
:106E88003B633B6B802B35D03B6B802B41D83B6BF6
:106E9800602B2AD03B6B602B3BD83B6B402B09D037
:106EA8003B6B402B35D83B6B002B0CD03B6B202B1E
:106EB80012D02EE007F124031846FFF777FB7B6A10
:106EC8007B6301F055B907F118031846FFF7C8FCB2
:106ED800BB697B6301F04CB907F10C031846FFF757
:106EE80019FEFB687B6301F043B94BF680337B6383
:106EF80001F03EB9614B1B6803F48063B3F5806F02
:106F080003D1604B7B6301F033B900237B6301F04D
:106F18002FB900237B6301F02BB9D7E90023A2F531
:106F280080410B4358D1554BD3F8E43003F4E06368
:106F38003B633B6BB3F5806F3BD03B6BB3F5806F26
:106F480046D83B6BB3F5407F2ED03B6BB3F5407F03
:106F58003ED83B6BB3F5007F0BD03B6BB3F5007F9E
:106F680036D83B6B002B0DD03B6BB3F5807F12D02E
:106F78002EE007F124031846FFF718FB7B6A7B63B2
:106F880001F0F6B807F118031846FFF769FCBB696A
:106F98007B6301F0EDB807F10C031846FFF7BAFD63
:106FA800FB687B6301F0E4B84BF680337B6301F048
:106FB800DFB8324B1B6803F48063B3F5806F03D1ED
:106FC800304B7B6301F0D4B800237B6301F0D0B869
:106FD80000237B6301F0CCB8D7E90023A2F58051E8
:106FE8000B4326D1254BD3F8E43003F400633B630D
:106FF800224B1B6803F48063B3F5806F06D13B6BAB
:10700800002B03D11F4B7B6301F0B2B81B4B1B68ED
:1070180003F48063B3F5806F07D13B6BB3F5006F62
:1070280003D1194B7B6301F0A3B800237B6301F004
:107038009FB8D7E90023A2F580110B436ED10F4BFF
:10704800D3F8E03003F040633B633B6BB3F1406F30
:107058003DD03B6BB3F1406F5CD83B6BB3F1006F35
:1070680014D03B6BB3F1006F54D83B6B002B1FD08F
:107078003B6BB3F1806F12D04CE000BF000C0246AE
:1070880020A107000024F40000127A0007F124036D
:107098001846FFF78BFABB6A7B6301F069B807F102
:1070A80018031846FFF7DCFBFB697B6301F060B847
:1070B800A74B1B6803F40053B3F5005F03D1A54B3E
:1070C8007B6301F055B800237B6301F051B8A04BF6
:1070D8001B6803F02003202B18D19D4B9B6803F4F9
:1070E8000003002B05D09A4B9B681B0E03F00F037F
:1070F80006E0974BD3F8F4301B041B0E03F00F0384
:10710800954A52F823307B6301F032B800237B6341
:1071180001F02EB800237B6301F02AB8D7E90023D9
:10712800A2F500110B437FD1894BD3F8E43003F467
:1071380080433B633B6B002B65D1854BD3F8E03034
:1071480003F040633B633B6BB3F1406F34D03B6B60
:10715800B3F1406F53D83B6BB3F1006F0BD03B6B6F
:10716800B3F1006F4BD83B6B002B16D03B6BB3F1E0
:10717800806F09D043E007F124031846FFF716FA99
:10718800BB6A7B6300F0F4BF07F118031846FFF7EA
:1071980067FBFB697B6300F0EBBF6D4B1B6803F477
:1071A8000053B3F5005F03D16A4B7B6300F0E0BF87
:1071B80000237B6300F0DCBF654B1B6803F02003F2
:1071C800202B18D1624B9B6803F40003002B05D0D9
:1071D8005F4B9B681B0E03F00F0306E05C4BD3F874
:1071E800F4301B041B0E03F00F035B4A52F82330E4
:1071F8007B6300F0BDBF00237B6300F0B9BF0023B1
:107208007B6300F0B5BF3B6BB3F5804F08D107F146
:1072180024031846FFF7CAF97B6A7B6300F0A8BF0E
:1072280000237B6300F0A4BFD7E90023511E0B4362
:1072380036D1474BD3F8E03003F003033B633B6B95
:10724800002B04D1FEF744FB786300F091BF3B6B41
:10725800012B04D1FEF70CFA786300F089BF3C4B90
:107268001B6803F48063B3F5806F06D13B6B022B78
:1072780003D13A4B7B6300F07BBF354BD3F8F0303A
:1072880003F00203022B07D13B6B032B04D14FF40D
:1072980000437B6300F06CBF00237B6300F068BF92
:1072A800D7E90023911E0B4336D1294BD3F8E030A0
:1072B80003F00C033B633B6B002B04D1FEF7F4FA9D
:1072C800786300F055BF3B6B042B04D1FEF7D0F96F
:1072D800786300F04DBF1E4B1B6803F48063B3F561
:1072E800806F06D13B6B082B03D11C4B7B6300F0EE
:1072F8003FBF174BD3F8F03003F00203022B07D13E
:107308003B6B0C2B04D14FF400437B6300F030BF80
:1073180000237B6300F02CBFD7E90023111F0B4328
:107328003FD10B4BD3F8E03003F030033B633B6BAA
:10733800002B04D1FEF7B8FA786300F019BF3B6B55
:10734800102B0DD1FEF794F9786300F011BF00BF40
:10735800000C0246006CDC02109F00080024F400B8
:10736800A64B1B6803F48063B3F5806F06D13B6BB3
:10737800202B03D1A24B7B6300F0FABE9F4BD3F8BE
:10738800F03003F00203022B07D13B6B302B04D102
:107398004FF400437B6300F0EBBE00237B6300F0F7
:1073A800E7BED7E90023A2F108010B4336D1934B7E
:1073B800D3F8E03003F0C0033B633B6B002B04D1F0
:1073C800FEF772FA786300F0D3BE3B6B402B04D112
:1073D800FEF74EF9786300F0CBBE884B1B6803F4C8
:1073E8008063B3F5806F06D13B6B802B03D1844B50
:1073F8007B6300F0BDBE814BD3F8F03003F002038D
:10740800022B07D13B6BC02B04D14FF400437B63A5
:1074180000F0AEBE00237B6300F0AABED7E90023CC
:10742800A2F110010B4339D1744BD3F8E03003F4C7
:1074380040733B633B6B002B04D1FEF735FA78634E
:1074480000F096BE3B6BB3F5807F04D1FEF710F9D0
:10745800786300F08DBE694B1B6803F48063B3F555
:10746800806F07D13B6BB3F5007F03D1644B7B631F
:1074780000F07EBE614BD3F8F03003F00203022B1C
:1074880008D13B6BB3F5407F04D14FF400437B63D5
:1074980000F06EBE00237B6300F06ABED7E90023CC
:1074A800A2F120010B4358D1544BD3F8E83003F034
:1074B80007033B633B6B002B04D1FEF71DFA78638F
:1074C80000F056BE3B6B012B04D1FEF7D1F8786370
:1074D80000F04EBE494B1B6803F48063B3F5806F20
:1074E80006D13B6B022B03D1454B7B6300F040BEBA
:1074F800424BD3F8F03003F00203022B07D13B6B69
:10750800032B04D14FF400437B6300F031BE3B4BA7
:107518001B6803F02003202B1BD13B6B042B18D1D5
:10752800364B9B6803F40003002B05D0334B9B6854
:107538001B0E03F00F0306E0304BD3F8F4301B04A6
:107548001B0E03F00F032F4A52F823307B6300F021
:107558000FBE00237B6300F00BBED7E90023A2F522
:1075680000410B4372D1254BD3F8E83003F4E043D4
:107578003B633B6BB3F5805F04D1FEF779F8786322
:1075880000F0F6BD3B6BB3F5005F08D107F11803B7
:107598001846FFF765F93B6A7B6300F0E9BD3B6B72
:1075A800002B04D1FEF766F9786300F0E1BD3B6B70
:1075B800B3F5A04F28D1114B1B6803F02003202BF3
:1075C80018D10E4B9B6803F40003002B05D00B4B1E
:1075D8009B681B0E03F00F0306E0084BD3F8F4304A
:1075E8001B041B0E03F00F03064A52F823307B637B
:1075F80000F0BEBD00237B6300F0BABD000C02465C
:107608000024F400109F0008AF4B1B6803F40033FC
:10761800B3F5003F07D13B6BB3F5405F03D1AB4BEC
:107628007B6300F0A5BDA84B1B6803F48063B3F52A
:10763800806F07D13B6BB3F5804F03D1A34B7B63BE
:1076480000F096BD00237B6300F092BDD7E90023CC
:10765800A2F580310B4358D19B4BD3F8E43003F0AB
:1076680007033B633B6B042B4BD801A252F823F072
:10767800B17600088D7600089F760008BB76000872
:10768800C576000807F124031846FEF78FFF7B6ACA
:107698007B6300F06DBD07F10C031846FFF73AFA5B
:1076A8003B697B6300F064BDFEF7E4F8786300F0A3
:1076B8005FBD4BF680337B6300F05ABD824B1B687D
:1076C80003F02003202B18D17F4B9B6803F40003A1
:1076D800002B05D07C4B9B681B0E03F00F0306E0C4
:1076E800794BD3F8F4301B041B0E03F00F03784AD0
:1076F80052F823307B6300F03BBD00237B6300F02E
:1077080037BD00237B6300F033BDD7E90023A2F522
:1077180000310B4367D16C4BD3F8E83003F4E02316
:107728003B633B6BB3F5802F36D03B6BB3F5802FB3
:1077380055D83B6BB3F5403F29D03B6BB3F5403F81
:107748004DD83B6BB3F5003F13D03B6BB3F5003F0F
:1077580045D83B6B002B15D03B6BB3F5803F3ED132
:1077680007F124031846FEF721FF7B6A7B6300F0CC
:10777800FFBC07F10C031846FFF7CCF93B697B63A4
:1077880000F0F6BCFEF776F8786300F0F1BC4BF633
:1077980080337B6300F0ECBC4B4B1B6803F0200389
:1077A800202B18D1484B9B6803F40003002B05D00D
:1077B800454B9B681B0E03F00F0306E0424BD3F8C2
:1077C800F4301B041B0E03F00F03414A52F8233018
:1077D8007B6300F0CDBC00237B6300F0C9BC0023B1
:1077E8007B6300F0C5BCD7E90023A2F140010B433D
:1077F8004CD1354BD3F8E03003F440633B633B6B2B
:10780800002B04D1FEF750F8786300F0B1BC3B6B55
:10781800B3F5806F04D1FDF72BFF786300F0A8BCA7
:10782800294B1B6803F48063B3F5806F07D13B6B6A
:10783800B3F5006F03D1254B7B6300F099BC224B55
:107848001B6803F02003202B1CD13B6BB3F5406F62
:1078580018D11D4B9B6803F40003002B05D01A4B6D
:107868009B681B0E03F00F0306E0174BD3F8F430A8
:107878001B041B0E03F00F03154A52F823307B63D9
:1078880000F076BC00237B6300F072BCD7E90023CC
:10789800A2F180010B4353D10B4BD3F8E03003F432
:1078A80040533B633B6B002B04D1FDF7FDFF78632E
:1078B80000F05EBC3B6BB3F5805F0BD1FDF7D8FEE3
:1078C800786300F055BC00BF000C02460024F400A9
:1078D800109F0008A14B1B6803F48063B3F5806F09
:1078E80007D13B6BB3F5005F03D19D4B7B6300F081
:1078F8003FBC9A4B1B6803F02003202B1CD13B6B29
:10790800B3F5405F18D1954B9B6803F40003002B37
:1079180005D0924B9B681B0E03F00F0306E08F4BBC
:10792800D3F8F4301B041B0E03F00F038D4A52F8F2
:1079380023307B6300F01CBC00237B6300F018BC81
:10794800D7E90023A2F580710B4351D1834BD3F8BB
:10795800E83003F0C0033B633B6BC02B24D03B6B88
:10796800C02B42D83B6B802B0DD03B6B802B3CD877
:107978003B6B002B03D03B6B402B11D035E0FDF760
:10798800BBFF7863F4E3754B1B6803F48063B3F5BE
:10799800806F02D1724B7B63EAE300237B63E7E3EA
:1079A800FDF766FE7863E3E36C4B1B6803F0200386
:1079B800202B17D1694B9B6803F40003002B05D0DB
:1079C800664B9B681B0E03F00F0306E0634BD3F86E
:1079D800F4301B041B0E03F00F03624A52F82330E5
:1079E8007B63C5E300237B63C2E300237B63BFE3C0
:1079F800D7E90023A2F580010B4347D1574BD3F8B1
:107A0800E03003F440433B633B6B002B03D1FDF7AD
:107A18004BFF7863ACE33B6BB3F5804F03D1FDF7C5
:107A280027FE7863A4E34D4B1B6803F48063B3F52A
:107A3800806F06D13B6BB3F5004F02D1484B7B6397
:107A480096E3464B1B6803F02003202B1BD13B6BAE
:107A5800B3F5404F17D1414B9B6803F40003002B4B
:107A680005D03E4B9B681B0E03F00F0306E03B4B13
:107A7800D3F8F4301B041B0E03F00F03394A52F8F5
:107A880023307B6374E300237B6371E3D7E900232E
:107A9800A2F500610B436AD1304BD3F8E83003F408
:107AA80040733B633B6B002B20D12C4B1B6803F0CE
:107AB8002003202B17D1294B9B6803F40003002BCC
:107AC80005D0264B9B681B0E03F00F0306E0234BE3
:107AD800D3F8F4301B041B0E03F00F03214A52F8AD
:107AE80023307B6344E300237B6341E31B4BD3F8E0
:107AF800F03003F00063B3F1006F12D13B6BB3F5C4
:107B0800807F0ED1154BD3F8F03003F08053B3F1DA
:107B1800805F02D1FA237B632AE34FF4FA437B6345
:107B280026E30E4B1B6803F48063B3F5806F06D120
:107B38003B6BB3F5007F02D1094B7B6318E3074B1E
:107B4800D3F8F03003F00203022B0DD13B6BB3F5F1
:107B5800407F09D14FF400437B6309E3000C0246E0
:107B68000024F400109F000800237B6300E3D7E99A
:107B78000023A2F500710B4364D1A24BD3F8E8307F
:107B880003F440633B633B6B002B20D19D4B1B6888
:107B980003F02003202B17D19A4B9B6803F40003B2
:107BA800002B05D0974B9B681B0E03F00F0306E0D4
:107BB800944BD3F8F4301B041B0E03F00F03924AC6
:107BC80052F823307B63D3E200237B63D0E28D4BF2
:107BD800D3F8F03003F00063B3F1006F12D13B6BC0
:107BE800B3F5806F0ED1874BD3F8F03003F0805394
:107BF800B3F1805F02D1FA237B63B9E24FF4FA4311
:107C08007B63B5E27F4B1B6803F48063B3F5806F39
:107C180006D13B6BB3F5006F02D17C4B7B63A7E2C7
:107C2800784BD3F8F03003F00203022B07D13B6BFB
:107C3800B3F5406F03D14FF400437B6398E2002310
:107C48007B6395E2D7E90023A2F580610B4347D116
:107C58006C4BD3F8E03003F440233B633B6B002BC1
:107C680003D1FDF721FE786382E2664BD3F8F0304A
:107C780003F00063B3F1006F12D13B6BB3F5802FB3
:107C88000ED1604BD3F8F03003F08053B3F1805F2E
:107C980002D1FA237B636BE24FF4FA437B6367E21A
:107CA800584B1B6803F48063B3F5806F06D13B6BB8
:107CB800B3F5002F02D1554B7B6359E2514BD3F8F2
:107CC800F03003F00203022B07D13B6BB3F5402FD2
:107CD80003D14FF400437B634AE200237B6347E20E
:107CE800D7E9002302F178410B432DD1454BD3F856
:107CF800E03003F040733B63424B1B6803F40033EE
:107D0800B3F5003F05D13B6B002B02D13F4B7B63A2
:107D18002EE23B6BB3F1807F07D107F124031846AD
:107D2800FEF744FCBB6A7B6322E23B6BB3F1007F46
:107D380007D107F118031846FEF792FDBB697B636C
:107D480016E200237B6313E2D7E90023A2F50001C2
:107D58000B435DD12B4BD3F8E03003F440133B6366
:107D68003B6BB3F5401F28D03B6BB3F5401F45D89C
:107D78003B6BB3F5001F13D03B6BB3F5001F3DD829
:107D88003B6B002B04D03B6BB3F5801F04D035E070
:107D9800FDF79EFD7863EBE1FDF76AFC7863E7E1A8
:107DA800184B1B6803F48063B3F5806F02D1174B3F
:107DB8007B63DDE100237B63DAE1124B1B6803F090
:107DC8002003202B17D10F4B9B6803F40003002BD3
:107DD80005D00C4B9B681B0E03F00F0306E0094B04
:107DE800D3F8F4301B041B0E03F00F03064A52F8B5
:107DF80023307B63BCE100237B63B9E100237B6311
:107E0800B6E100BF000C0246109F00080024F400F1
:107E1800D7E9002302F17F410B4356D1A54BD3F894
:107E2800E03003F440333B633B6BB3F5403F28D06D
:107E38003B6BB3F5403F45D83B6BB3F5003F13D0E0
:107E48003B6BB3F5003F3DD83B6B002B04D03B6B3D
:107E5800B3F5803F04D035E0FDF726FD786387E170
:107E6800FDF706FC786383E1924B1B6803F480639B
:107E7800B3F5806F02D1904B7B6379E100237B637C
:107E880076E18C4B1B6803F02003202B17D1894B1C
:107E98009B6803F40003002B05D0864B9B681B0EE0
:107EA80003F00F0306E0834BD3F8F4301B041B0EDA
:107EB80003F00F03814A52F823307B6358E1002313
:107EC8007B6355E100237B6352E1D7E9002302F18C
:107ED8007E410B4377D1774BD3F8E83003F0180392
:107EE8003B633B6B182B6BD801A252F823F000BF01
:107EF8005D7F0008C97F0008C97F0008C97F0008A6
:107F0800C97F0008C97F0008C97F0008C97F000829
:107F1800657F0008C97F0008C97F0008C97F00087D
:107F2800C97F0008C97F0008C97F0008C97F000809
:107F38006D7F0008C97F0008C97F0008C97F000855
:107F4800C97F0008C97F0008C97F0008C97F0008E9
:107F5800877F0008FDF7D0FC786309E1FDF788FB0F
:107F6800786305E1534B1B6803F48063B3F5806FB6
:107F780002D1514B7B63FBE000237B63F8E04D4B60
:107F88001B6803F02003202B17D14A4B9B6803F48E
:107F98000003002B05D0474B9B681B0E03F00F0313
:107FA80006E0444BD3F8F4301B041B0E03F00F0318
:107FB800424A52F823307B63DAE000237B63D7E040
:107FC80000237B63D4E0D7E9002302F17C410B4313
:107FD80055D1384BD3F8E43003F440133B633B6B83
:107FE800B3F5401F13D03B6BB3F5401F44D83B6B30
:107FF800B3F5001F13D03B6BB3F5001F3CD83B6BA8
:10800800002B14D03B6BB3F5801F14D034E007F17C
:1080180018031846FEF724FCFB697B63A8E007F108
:1080280024031846FEF7C2FABB6A7B63A0E0FDF79B
:108038001FFB78639CE01F4B1B6803F02003202B79
:1080480017D11C4B9B6803F40003002B05D0194B78
:108058009B681B0E03F00F0306E0164BD3F8F430B1
:108068001B041B0E03F00F03144A52F823307B63E2
:108078007EE000237B637BE000237B6378E0D7E925
:10808800002302F170410B4338D10A4BD3F8E83092
:1080980003F400433B63074BD3F8F03003F00203CB
:1080A800022B0DD13B6B002B0AD14FF400437B63AD
:1080B8005EE000BF000C02460024F400109F000898
:1080C8002E4BD3F8F03003F00063B3F1006F12D1F8
:1080D8003B6BB3F5004F0ED1284BD3F8F03003F0CB
:1080E8008053B3F1805F02D1FA237B6340E04FF401
:1080F800FA437B633CE000237B6339E0D7E9002344
:10810800A2F500210B4331D11C4BD3F8E43003F422
:1081180040533B63194B1B6803F40053B3F5005FEE
:1081280005D13B6B002B02D1154B7B6320E0134B31
:108138001B6803F40053B3F5005F06D13B6BB3F53E
:10814800805F02D10F4B7B6312E00C4B1B6803F47A
:108158008063B3F5806F06D13B6BB3F5005F02D146
:10816800094B7B6304E000237B6301E000237B630E
:108178007B6B18463837BD4680BD00BF000C0246F1
:10818800006CDC0200366E010024F40080B584B077
:1081980000AF7860474B1B68464A23F08063136042
:1081A800F9F724FCF86008E0F9F720FC0246FB68C0
:1081B800D31A022B01D9032377E03E4B1B6803F047
:1081C8000063002BF0D13B4BDB6A23F4706323F090
:1081D80003037A6811687A685268013A12020A43FE
:1081E80034491343CB62334BDA6B334B13407A6811
:1081F8009268013AC2F308017A68D268013A5202D9
:1082080092B211437A681269013A120402F4FE022A
:1082180011437A685269013A120602F0FE420A4393
:1082280024491343CB63234BDB6A23F00C027B689E
:108238009B6920491343CB621E4BDA6A7B681B6A31
:108248001C491343CB621B4BDB6A1A4A23F0100309
:10825800D362184B1B6C23F47F4323F0F8037A682E
:10826800D269D200134913430B64124BDB6A114ADB
:1082780043F01003D3620F4B1B680E4A43F0806330
:108288001360F9F7B3FBF86008E0F9F7AFFB0246B3
:10829800FB68D31A022B01D9032306E0054B1B68A0
:1082A80003F00063002BF0D0002318461037BD46BA
:1082B80080BD00BF000C02460000808080B584B0FD
:1082C80000AF7860474B1B68464A23F08053136021
:1082D800F9F78CFBF86008E0F9F788FB0246FB68C1
:1082E800D31A022B01D9032377E03E4B1B6803F016
:1082F8000053002BF0D13B4B1B6B23F4706323F02E
:1083080003037A6811687A685268013A12020A43CC
:10831800344913430B63334B5A6C334B13407A681D
:108328009268013AC2F308017A68D268013A5202A7
:1083380092B211437A681269013A120402F4FE02F9
:1083480011437A685269013A120602F0FE420A4362
:10835800244913434B64234B1B6B23F00C027B68AB
:108368009B69204913430B631E4B1A6B7B681B6A7E
:108378001C4913430B631B4B1B6B1A4A23F0100356
:108388001363184B9B6C23F47F4323F0F8037A683C
:10839800D269D200134913438B64124B1B6B114AE9
:1083A80043F0100313630F4B1B680E4A43F08053CE
:1083B8001360F9F71BFBF86008E0F9F717FB0246B2
:1083C800FB68D31A022B01D9032306E0054B1B686F
:1083D80003F00053002BF0D0002318461037BD4699
:1083E80080BD00BF000C02460000808080B582B0CE
:1083F80000AF78607B68002B01D1012342E07B68E5
:10840800D3F88830002B06D17B68002283F88420BB
:108418007868F9F791F97B682422C3F888207B688B
:108428001B681A687B681B6822F001021A607B6867
:108438009B6A002B02D0786800F072FA786800F026
:10844800CDF80346012B01D101231BE07B681B6893
:108458005A687B681B6822F490425A607B681B68E4
:108468009A687B681B6822F02A029A607B681B68FE
:108478001A687B681B6842F001021A60786800F08D
:10848800F1FA034618460837BD4680BD80B58AB064
:1084980002AFF860B9603B601346FB80FB68D3F815
:1084A8008830202B40F09580BB68002B02D0FB88D9
:1084B800002B01D101238DE0FB681B689B6803F04A
:1084C8008003802B07D1FB681B689A68FB681B68D0
:1084D80022F080029A60FB680022C3F89020FB68B3
:1084E8002122C3F88820F9F781FA7861FB68FA88B5
:1084F800A3F85420FB68FA88A3F85620FB689B6809
:10850800B3F5805F08D1FB681B69002B04D10023F9
:10851800FB61BB68BB6103E0BB68FB610023BB6117
:108528003AE03B6800937B6900228021F86800F0FC
:1085380043FB0346002B05D0FB682022C3F88820A4
:10854800032347E0FB69002B0BD1BB691B881A4644
:10855800FB681B68C2F308029A62BB690233BB61FD
:1085680007E0FB691A78FB681B689A62FB690133AC
:10857800FB61FB68D3F8883003F02103212B09D174
:10858800FB68B3F856309BB2013B9AB2FB68A3F87C
:10859800562001E001231DE0FB68B3F856309BB27A
:1085A800002BBED13B6800937B6900224021F8680C
:1085B80000F002FB0346002B05D0FB682022C3F81D
:1085C8008820032306E0FB682022C3F888200023C4
:1085D80000E0022318462037BD4680BD2DE9B04F84
:1085E80094B000AFF862002387F84730FB6A1A6836
:1085F8007E4B9A42FB6A9A68FB6A1B691A43FB6ABC
:108608005B691A43FB6ADB691343FB64FB6A1B68FB
:108618001B6877491940FB6A1A68FB6C0B431360A7
:10862800FB6A1B685B6823F44050FB6AD968FB6AE5
:108638001A6840EA01035360FB6A9B69FB64FB6AA2
:108648001A686A4B9A4209D0FB6A1A68694B9A42BF
:1086580004D0FB6A1A6AFB6C1343FB64FB6A1B6851
:108668009B6823F06E4121F43061FB6A1A68FB6C49
:108678000B439360FB6A1B68DB6A23F00F00FB6AFD
:10868800596AFB6A1A6840EA0103D362FB6A1A68EE
:10869800594B9A4202D10123BB6429E0FB6A1A684C
:1086A800564B9A4202D10223BB6421E0FB6A1A6846
:1086B800534B9A4202D10423BB6419E0FB6A1A683F
:1086C800504B9A4202D10823BB6411E0FB6A1A6836
:1086D8004D4B9A4202D11023BB6409E0FB6A1A6829
:1086E800424B9A4202D12023BB6401E00023BB64C1
:1086F800FB6A1A683D4B9A4205D0FB6A1A683D4BE3
:108708009A4240F08580BB6C00223B627A62D7E9CE
:108718000801FEF759FB38643B6C002B00F0E88039
:10872800FB6A5B6A394A32F813301A463B6CB3FB72
:10873800F2F37B63FB6A5A6813465B0013447A6B57
:108748009A4205D3FB6A5B681B037A6B9A4203D98A
:10875800012387F8473048E03B6C0022BB61FA618F
:10876800FB6A5B6A294A32F813309BB200223B61EC
:108778007A61D7E90423D7E90601F7F779FD0246BC
:108788000B46104619464FF000024FF000030B024B
:1087980043EA10630202F96A4968490800200C4656
:1087A800054612EB040843EB0509FB6A5B680022E7
:1087B800BB60FA60D7E9022340464946F7F758FDFF
:1087C80002460B461346FB63FB6BB3F5407F08D3A9
:1087D800FB6BB3F5801F04D2FB6A1B68FA6BDA6087
:1087E80003E0012387F8473082E081E00024004657
:1087F800F369FFCF002400560038014000440040D0
:1088080000480040004C004000500040D09F000845
:10881800FB6ADB69B3F5004F3CD1BB6C00223B60BF
:108828007A60D7E90001FEF7CFFA38643B6C002B79
:108838005ED0FB6A5B6A394A32F813301A463B6CE1
:10884800B3FBF2F35A00FB6A5B685B081A44FB6AE5
:108858005B68B2FBF3F3FB63FB6B0F2B16D9FB6B67
:10886800B3F5803F12D2FB6B9BB223F00F037B87DB
:10887800FB6B5B089BB203F007039AB27B8F134331
:108888007B87FB6A1B687A8FDA6031E0012387F8FF
:1088980047302DE0BB6C00229A4693465046594615
:1088A800FEF792FA38643B6C002B21D0FB6A5B6AB6
:1088B8001A4A32F813301A463B6CB3FBF2F2FB6AE1
:1088C8005B685B081A44FB6A5B68B2FBF3F3FB6303
:1088D800FB6B0F2B09D9FB6BB3F5803F05D2FB6B04
:1088E8009AB2FB6A1B68DA6002E0012387F8473016
:1088F800FB6A0122A3F86A20FB6A0122A3F8682018
:10890800FB6A00225A67FB6A00229A6797F8473089
:1089180018465037BD46BDE8B08F00BFD09F00084D
:1089280080B483B000AF78607B689B6A03F008036B
:10893800002B0AD07B681B685B6823F400417B68C6
:108948009A6B7B681B680A435A607B689B6A03F0D2
:108958000103002B0AD07B681B685B6823F4003195
:108968007B68DA6A7B681B680A435A607B689B6A83
:1089780003F00203002B0AD07B681B685B6823F4B2
:1089880080317B681A6B7B681B680A435A607B6876
:108998009B6A03F00403002B0AD07B681B685B68A2
:1089A80023F480217B685A6B7B681B680A435A60F2
:1089B8007B689B6A03F01003002B0AD07B681B6856
:1089C8009B6823F480517B68DA6B7B681B680A43D9
:1089D8009A607B689B6A03F02003002B0AD07B68AF
:1089E8001B689B6823F400517B681A6C7B681B68C2
:1089F8000A439A607B689B6A03F04003002B1AD0F5
:108A08007B681B685B6823F480117B685A6C7B6801
:108A18001B680A435A607B685B6CB3F5801F0AD1F8
:108A28007B681B685B6823F4C0017B689A6C7B6871
:108A38001B680A435A607B689B6A03F08003002B1B
:108A48000AD07B681B685B6823F400217B68DA6CBA
:108A58007B681B680A435A6000BF0C37BD465DF847
:108A6800047B704780B598B002AF78607B680022BD
:108A7800C3F89020F8F7BAFF78657B681B681B6815
:108A880003F00803082B2FD16FF07E4300937B6D12
:108A980000224FF40011786800F08EF80346002B8E
:108AA80022D07B681B68BB63BB6B53E8003F7B63CA
:108AB8007B6B23F080033B657B681B681A463B6D24
:108AC8007B643A64396C7A6C41E80023FB63FB6B86
:108AD800002BE6D17B682022C3F888207B6800221F
:108AE80083F88420032363E07B681B681B6803F01A
:108AF8000403042B49D16FF07E4300937B6D002261
:108B08004FF48001786800F057F80346002B3CD0FA
:108B18007B681B687B627B6A53E8003F3B623B6A69
:108B280023F49073FB647B681B681A46FB6C3B63F9
:108B3800FA62F96A3A6B41E80023BB62BB6A002B10
:108B4800E6D17B681B6808333B613B6953E8003F0B
:108B5800FB60FB6823F00103BB647B681B68083378
:108B6800BA6CFA61BB61B969FA6941E800237B61B3
:108B78007B69002BE5D17B682022C3F88C207B68B9
:108B8800002283F88420032312E07B682022C3F8A4
:108B980088207B682022C3F88C207B680022DA6654
:108BA8007B6800221A677B68002283F884200023F0
:108BB80018465837BD4680BD80B584B000AFF86010
:108BC800B9603B601346FB714FE0BB69B3F1FF3FEF
:108BD8004BD0F8F70BFF02463B68D31ABA699A42A2
:108BE80002D3BB69002B01D103234EE0FB681B684D
:108BF8001B6803F00403002B37D0BB68802B34D0EC
:108C0800BB68402B31D0FB681B68DB6903F00803A5
:108C1800082B10D1FB681B6808221A62F86800F05C
:108C280038F8FB680822C3F89020FB68002283F814
:108C38008420012329E0FB681B68DB6903F40063D7
:108C4800B3F5006F11D1FB681B684FF400621A621C
:108C5800F86800F01EF8FB682022C3F89020FB6833
:108C6800002283F8842003230FE0FB681B68DA697D
:108C7800BB681340BA689A420CBF01230023DBB2D9
:108C88001A46FB799A42A0D0002318461037BD46F1
:108C980080BD80B495B000AF78607B681B687B634B
:108CA8007B6B53E8003F3B633B6B23F49073FB649F
:108CB8007B681B681A46FB6C3B64FA63F96B3A6C79
:108CC80041E80023BB63BB6B002BE6D17B681B68C4
:108CD80008333B623B6A53E8003FFB61FB6923F0C2
:108CE800805323F00103BB647B681B680833BA6CAC
:108CF800FA62BB62B96AFA6A41E800237B627B6A5E
:108D0800002BE3D17B68DB6E012B18D17B681B68D5
:108D1800FB60FB6853E8003FBB60BB6823F01003AF
:108D28007B647B681B681A467B6CBB617A617969D6
:108D3800BA6941E800233B613B69002BE6D17B68B7
:108D48002022C3F88C207B680022DA667B68002228
:108D58005A6700BF5437BD465DF8047B704780B43E
:108D680085B000AF78607B6893F88430012B01D11F
:108D7800022327E07B68012283F884207B68242271
:108D8800C3F888207B681B681B68FB607B681B68CE
:108D98001A687B681B6822F001021A60FB6823F0DE
:108DA8000053FB607B6800225A667B681B68FA6880
:108DB8001A607B682022C3F888207B68002283F829
:108DC8008420002318461437BD465DF8047B70479D
:108DD80080B584B000AF786039607B6893F88430E0
:108DE800012B01D102232DE07B68012283F8842026
:108DF8007B682422C3F888207B681B681B68FB609B
:108E08007B681B681A687B681B6822F001021A607D
:108E18007B681B689B6823F060417B681B683A6825
:108E28000A439A60786800F04FF87B681B68FA6814
:108E38001A607B682022C3F888207B68002283F8A8
:108E48008420002318461037BD4680BD80B584B005
:108E580000AF786039607B6893F88430012B01D1CA
:108E680002232DE07B68012283F884207B6824227A
:108E7800C3F888207B681B681B68FB607B681B68DD
:108E88001A687B681B6822F001021A607B681B68FD
:108E98009B6823F060617B681B683A680A439A60A4
:108EA800786800F011F87B681B68FA681A607B68BC
:108EB8002022C3F888207B68002283F884200023BE
:108EC80018461037BD4680BD80B485B000AF7860C5
:108ED8007B685B6E002B08D17B680122A3F86A20AF
:108EE8007B680122A3F8682031E00823FB7308237C
:108EF800BB737B681B689B685B0EDBB203F00703E0
:108F08007B737B681B689B685B0FDBB203F007030E
:108F18003B73BB7B3A7B11498A5C02FB03F33A7BC8
:108F28000F498A5C93FBF2F39AB27B68A3F86A2034
:108F3800FB7B7A7B09498A5C02FB03F37A7B08494D
:108F48008A5C93FBF2F39AB27B68A3F8682000BFAF
:108F58001437BD465DF8047B704700BFE89F0008E2
:108F6800F09F0008002310B50446836081811946EC
:108F78004366C28108228361C0E90033C0E9043333
:108F88005C3000F0F9F90D4B246263620C4BA3626C
:108F98000C4BE3620C4B23630C4B9C4206D003F151
:108FA8006802944202D0D0339C4205D104F15800A3
:108FB800BDE8104000F058BA10BD00BFD5910008B8
:108FC800F79100082F92000855920008E8FC00204D
:108FD800024A0349034800F06BB800BF0C000020A8
:108FE800159D00081C00002041680C4B994210B5E3
:108FF800044601D000F08AFEA168094B994202D0CC
:10900800204600F083FEE168064B994204D02046D2
:10901800BDE8104000F07ABE10BD00BFE8FC00209B
:1090280050FD0020B8FD00200C4B04210C4A0D48CF
:1090380010B51A600022FFF795FF0A4B012209219B
:109048001C4603F16800FFF78DFF022204F1D000EF
:109058001221BDE81040FFF785BF00BF20FE0020A9
:10906800D98F0008E8FC0020014800F0FEB900BFD5
:1090780029FE0020014800F0F9B900BF29FE0020B0
:1090880010B50446FFF7F0FF236A1BB1BDE8104096
:10909800FFF7F0BF044B2362044B1B68002BF5D18C
:1090A800FFF7C2FFF2E700BFF18F000820FE0020A3
:1090B8002DE9F8430746884614460026D4E9019569
:1090C800B9F1010905D52468002CF7D13046BDE86F
:1090D800F883AB89012B07D9B5F90E30013303D0DA
:1090E80029463846C04706436835E9E70FB407B54F
:1090F800064904AB086853F8042B8168019300F013
:10910800D9FA03B05DF804EB04B0704718000020EA
:10911800036A70B505460E4684680BB9FFF7B0FFC1
:10912800636EDB0705D4A389980502D4A06D00F00F
:109138009CF9A389190702D52369002B35D121464B
:10914800284600F0C5F880B34FF0FF35636EDA07A4
:1091580005D4A3899B0502D4A06D00F087F92846A1
:1091680070BD002B04DAA269934217DB0A2915D0D7
:1091780023685A1C22601970A36816F8011F013B66
:10918800A3600029EDD1002B11DA22460A212846D6
:1091980000F060F80130D7D00A25D7E722462846E4
:1091A80000F058F80130E7D1CEE7013EE4E7236844
:1091B8005A1C22600A221A70EEE70000024B014690
:1091C8001868FFF7A5BF00BF1800002010B50C46AF
:1091D800B1F90E1000F0FAF80028ABBF636DA3894F
:1091E8001B1823F48053ACBF6365A38110BD2DE920
:1091F800F0411F468B8905460C46DB05164605D50A
:1092080002230022B1F90E1000F0CEF8A3893246ED
:10921800B4F90E10284623F48053A3813B46BDE8D9
:10922800F04100F0E5B810B50C46B1F90E1000F0A9
:10923800BBF8421CB4F90C3015BF606523F48053A9
:1092480043F48053A38118BFA38110BDB1F90E1058
:1092580000F09AB8F8B50E461446054618B1036AE8
:109268000BB9FFF70DFFA369A360A3891A0701D5FE
:10927800236943B92146284600F02AF818B14FF06F
:10928800FF373846F8BD2368F6B222693746981A80
:109298006369834205DC2146284600F037FD002833
:1092A800EDD1A368013BA36023685A1C22601E709D
:1092B800431C62699A4204D0A389DB07E1D50A2ED0
:1092C800DFD12146284600F021FD0028D9D0D6E775
:1092D80038B5284B05460C46186818B1036A0BB90F
:1092E800FFF7CEFEB4F90C301A0721D4D80607D4FC
:1092F80009222A6043F040034FF0FF30A38130E099
:10930800590712D5616B41B104F14403994202D067
:10931800284600F0ADF8002363630022B4F90C304E
:10932800626023F024032269226043F00803A381CA
:1093380022693AB99A0501D5180603D52146284667
:1093480000F030FDB4F90C3013F001020AD000220D
:10935800A26062695242A261226942B913F0800098
:10936800C8D138BD990758BF6269A260F4E70020E8
:10937800F7E700BF1800002002440346934200D1DB
:10938800704703F8011BF9E738B50023054D04467B
:1093980008462B60F8F719F9431C02D12B6803B172
:1093A800236038BD24FE002038B50446064D084623
:1093B800114600222A601A46F8F72EF9431C02D1FA
:1093C8002B6803B1236038BD24FE002038B504465D
:1093D800064D0846114600222A601A46F8F7D8F8C2
:1093E800431C02D12B6803B1236038BD24FE002042
:1093F80038B50446064D0846114600222A601A462A
:10940800F7F71EFD431C02D12B6803B1236038BD5A
:1094180024FE0020014B1868704700BF1800002088
:1094280070B50D4B00260D4D5B1B9C10A64209D153
:109438000B4D00F031FD0B4B00265B1B9C10A64228
:1094480005D170BD55F8043B01369847EEE755F84D
:10945800043B01369847F2E734A0000834A000081E
:1094680034A0000838A00008704770477047000013
:1094780038B50546002941D051F8043C0C1F002B93
:10948800B8BFE41800F0E0F81D4A136833B9636008
:1094980014602846BDE8384000F0DCB8A34208D97B
:1094A800206821188B4201BF19685B680918216080
:1094B800EDE71A465B680BB1A342FAD91168501858
:1094C800A0420BD120680144501811608342E0D1BA
:1094D80018685B68084453601060DAE702D90C2307
:1094E8002B60D6E7206821188B4202BF19685B6899
:1094F8000918636008BF21605460CAE738BD00BF1F
:1095080030FE002070B50F4E0C460546316811B983
:1095180000F0A4FC30602146284600F09FFC431C64
:1095280003D14FF0FF34204670BDC41C24F003045F
:10953800A042F8D0211A284600F090FC0130F2D160
:10954800EFE700BF2CFE00202DE9F843CD1C0646AE
:1095580025F0030508350C2D38BF0C25002D01DB3F
:10956800A94204D90C2333600020BDE8F883DFF852
:10957800D48000F069F8D8F800301C4644BB29466E
:109588003046FFF7BFFF431C044658D1D8F80040C7
:109598002746002F43D1002C4BD02368394630464C
:1095A80004EB030900F05AFC814542D1216830469A
:1095B8006D1A2946FFF7A6FF01303AD023682B44DD
:1095C8002360D8F800305A6862BBC8F800700FE012
:1095D8002268521B20D40B2A17D96119A34225608F
:1095E80018BF5960636808BFC8F8001062514B6023
:1095F800304600F02FF804F10B00231D20F007007F
:10960800C21A1CBF1B1AA350AFE76268A3420CBF63
:10961800C8F800205A60EBE723466468AEE73C468A
:109628007F68B6E71A465B68A342FBD10023536004
:10963800DEE70C233046336000F00CF894E7056051
:10964800D6E700BF30FE00200148FFF70EBF00BF7D
:1096580028FE00200148FFF709BF00BF28FE0020B0
:109668009368013B002B10B4936008DA9469A34215
:1096780001DB0A2903D15DF8044BFFF7EBBD136842
:10968800581C1060084619705DF8044B7047F8B50F
:1096980006460F461446D518AC4201D1002007E013
:1096A8003A4614F8011B3046FFF7DAFF431CF3D1A2
:1096B800F8BD00002DE9F0470D469CB014461F4642
:1096C800064618B1036A0BB9FFF7DAFC6B6ED907C7
:1096D80005D4AB899A0502D4A86DFFF7C6FEAB89FD
:1096E8001B0701D52B699BB929463046FFF7F0FDCA
:1096F80070B16B6EDC0704D54FF0FF301CB0BDE8CD
:10970800F087AB899805F7D4A86DFFF7AFFEF3E7AC
:10971800002303974FF001086B4F099320238DF81E
:10972800293030238DF82A302346994613F8012B27
:109738000AB1252AF9D1B9EB040A0BD053462246BF
:1097480029463046FFF7A3FF013000F0A480099AAC
:109758005244099299F80030002B00F09C800023B5
:109768004FF0FF3209F10109049307938DF8533044
:109778001A93CDE905234C460522534814F8011BDA
:1097880000F07CFB049BD0B9D90644BF20228DF899
:1097980053201A0744BF2B228DF8532099F8002034
:1097A8002A2A13D0079A4C4600204FF00A0C21466B
:1097B80011F8013B303B092B49D968B913E0C01BAC
:1097C800A14608FA00F018430490D4E7039A111D43
:1097D8001268002A039101DB079204E0524243F029
:1097E80002030792049323782E2B0AD163782A2B3D
:1097F80032D1039B02341A1D1B6843EAE3730392B8
:109808000593DFF8D49003222178484600F036FB10
:1098180038B1A0EB09004022049B01348240134375
:10982800049314F8011B062228488DF8281000F02C
:1098380025FB00283ED0264818BB039B073323F09E
:10984800070308330393099B034409936CE70CFB54
:1098580002320C460120AAE7002301344FF00A0C1B
:1098680019460593204610F8012B303A092A03D9E6
:10987800002BC6D00591C4E70CFB01210446012347
:10988800F0E703AB2A4604A930460093114BAFF327
:109898000080431CD7D16B6ED90705D4AB899A05D4
:1098A80002D4A86DFFF7E2FDAB895B063FF524AF54
:1098B800099823E703AB2A4604A930460093054BD1
:1098C80000F07EF8E5E700BFF89F000802A0000856
:1098D8000000000097960008FE9F00082DE9F04759
:1098E800164698468A6807460B690C46DDF82090AC
:1098F8009342B8BF1346336091F843200AB101334D
:1099080033602368990642BF3368023333602568A1
:1099180015F0060506D104F1190AE36832689B1AA6
:10992800AB422BDC94F843302268003B18BF01237C
:10993800920630D404F1430241463846C847013004
:1099480023D023681A3454F80A2C03F00603042B96
:109958000ABF54F80E5C002533684FF0000608BFB4
:10996800ED1A54F8123C08BF25EAE5759342C4BFC6
:109978009B1AED18B5421AD1002008E0012352467F
:1099880041463846C847013003D14FF0FF30BDE8A3
:10999800F0870135C1E7E1185A1C30200233224410
:1099A80081F8430094F8451082F84310C2E7012378
:1099B800224641463846C8470130E6D00136D9E745
:1099C8002DE9F0430D7E85B090460746782D0C466C
:1099D80099460C9E01F1430207D8622D0AD8002D42
:1099E80000F0D780582D00F0BC8004F1420684F8BE
:1099F80042503BE0A5F16303152BF6D801A151F8BD
:109A080023F000BF659A0008799A0008F3990008C6
:109A1800F3990008F3990008F3990008799A000867
:109A2800F3990008F3990008F3990008F3990008DE
:109A3800819B0008A39A0008339B0008F39900084B
:109A4800F3990008A39B0008F3990008A39A00085B
:109A5800F3990008F39900083B9B000833681A1D26
:109A68001B68326004F1420684F842300123A1E009
:109A780033682068191D3160060601D51D6803E0AA
:109A88004506FBD5B3F90050002D03DA2D236D42AE
:109A980084F843305B480A2311E0216833680806DC
:109AA80053F8045B02D4490648BFADB23360237E45
:109AB80054486F2B5CD10823002184F84310666852
:109AC800002EA66005DB21682E4321F004012160E9
:109AD80050D01646B5FBF3F103FB115C10F80CC02F
:109AE80006F801CDAC460D466345F3D9082B0BD1DA
:109AF8002368DB0708D5236961689942DEBF3023F4
:109B080006F8013C06F1FF36921B2261434603AA80
:109B180021463846CDF80090FFF7E0FE01304ED1DF
:109B28004FF0FF3005B0BDE8F083236843F0200311
:109B3800236078253448236884F8455013F0800F53
:109B4800316851F8045B03D113F0400F18BFADB270
:109B58003160D90744BF43F0200323601DB11023AF
:109B6800AAE72848E7E7236823F020032360F6E7FD
:109B78000A23A1E71646B9E733682568181D616905
:109B880030602E061B6801D5196002E06806FBD517
:109B98001980002316462361B8E7336800211A1D8F
:109BA80032601E686268304600F068F908B1801BB0
:109BB800606063682361002384F84330A6E7236963
:109BC800324641463846C8470130A9D023689B072A
:109BD80013D4E068039B9842B8BF1846A2E7012354
:109BE800324641463846C847013099D00135E368C6
:109BF80003995B1AAB42F2DCEBE7002504F1190686
:109C0800F5E700BF09A000081AA00008B1F90C2068
:109C18002DE9F041160705460C4651D44B68002B38
:109C280002DC0B6C002B49DDE66A002E46D00023CF
:109C380012F480522F682B6031D0626DA3895907C6
:109C480005D56368D21A636B0BB1236CD21A002353
:109C5800E66A216A2846B047421CB4F90C3006D19E
:109C680029681D2945D8284ACA40D60741D5002267
:109C7800D90462602269226004D5421C01D12B6894
:109C880003B96065616B2F60C1B104F14403994267
:109C980002D02846FFF7ECFB002363630EE00123A4
:109CA800216A2846B0470246501CC7D12B68002BB2
:109CB800C4D01D2B01D0162B19D12F6000201DE018
:109CC8000F69002FFAD093070E680F600CBF4B691D
:109CD8000023A6EB07088B60B8F1000FEEDD4346C2
:109CE8003A46216A2846A66AB047002808DCB4F933
:109CF8000C3043F040034FF0FF30A381BDE8F08102
:109D08000744A8EB0008E7E70100402038B50B69D5
:109D180005460C4613B90025284638BD18B1036A14
:109D28000BB9FFF7ADF9B4F90C30002BF3D0626E24
:109D3800D00704D4990502D4A06DFFF796FB2846F6
:109D48002146FFF763FF636E0546DA07E4D4A3896B
:109D58009B05E1D4A06DFFF789FBDDE770B50C46E4
:109D6800B1F90E1096B0154600291E460ADAA189E7
:109D780011F0800113D14FF48062002031602A6015
:109D880016B070BD6A4600F047F80028EFDB01996D
:109D980001F47041A1F5005359425941EBE7002104
:109DA8004022EAE78B8973B59E0705460C4607D51E
:109DB80004F14703236023610123636102B070BD8E
:109DC80001AB6A46FFF7CAFF009E28463146FFF7F7
:109DD800BBFBB4F90C3038B99A05EFD423F0030370
:109DE80043F00203A381E3E743F080032060A381EB
:109DF800019BC4E90406002BE0D0B4F90E102846F4
:109E080000F01CF80028D9D0A38923F0030343F0FD
:109E18000103A381D2E7000038B50023064D0446AC
:109E2800084611462B60F7F7DCFB431C02D12B6870
:109E380003B1236038BD00BF24FE002038B50023DD
:109E4800054D044608462B60F7F7DBFB431C02D19F
:109E58002B6803B1236038BD24FE002038B50023E9
:109E6800054D044608462B60F7F7E4FB431C02D176
:109E78002B6803B1236038BD24FE0020C9B2034615
:109E8800024410B59342184601D1002003E004783B
:109E980001338C42F6D110BDF8B500BFF8BC08BC40
:109EA8009E467047F8B500BFF8BC08BC9E46704790
:109EB800617564696F206163717569736974696F2D
:109EC8006E20636F6D706C657465640D0000000032
:109ED80068616C6620646F6E650D00004572726F74
:109EE8007220436F64653A20256C640D0A000000F7
:109EF8000000000000000000010203040607080932
:109F08000000000001020304006CDC0200366E0150
:109F18000024F400001BB70000093D0080841E00E7
:109F2800504B140040420F0000E02E000070170054
:109F380000A00F0000B80B00801A0600400D0300B7
:109F480088070200A086010000000242010000000C
:109F58000000024203000000000002420600000068
:109F68000004024201000000000402420A0000004E
:109F78000008024202000000000C02420D0000002E
:109F8800000C024202000000000802420A00000021
:109F98000004024200000000000802420C00000019
:109FA8000004024203000000000402420400000012
:109FB80000100242000000000010024202000000EF
:109FC8000010024203000000010002000400060025
:109FD80008000A000C00100020004000800000016A
:109FE800010101030701000008040204080101013E
:109FF800232D302B2000686C4C006566674546476A
:10A0080000303132333435363738394142434445EC
:10A01800460030313233343536373839616263645B
:03A028006566006A
:08A02C007C62FF7F01000000CF
:04A034005D020008C1
:04A0380039020008E1
:10A03C0000093D00100000000100000000000000BD
:10A04C0003000000E8FC00201C00002000000000C1
:10A05C00E8FC002050FD0020B8FD002000000000AE
:10A06C0000000000000000000000000000000000E4
:10A07C0000000000000000000000000000000000D4
:10A08C0000000000000000000000000000000000C4
:08A09C000000000000000000BC
:04000005080005F9F1
:00000001FF
